url,evidence,evidence_flag
https://github.com/tokio-rs/tokio/pull/2340,fix_merged,
https://github.com/risingwavelabs/risingwave/issues/26180,reproducer,reporter_only
https://github.com/databendlabs/databend/issues/20044,fix_merged,
https://github.com/qdrant/qdrant/issues/9532,reproducer,contested
https://github.com/databendlabs/databend/issues/20015,fix_merged,
https://github.com/neondatabase/neon/pull/7235,fix_merged,
https://github.com/neondatabase/neon/issues/10023,maintainer,
https://github.com/tokio-rs/tokio/issues/6493,maintainer,
https://github.com/oxidecomputer/omicron/pull/10204,fix_merged,
https://github.com/cloudflare/pingora/issues/934,fix_merged,
https://github.com/databendlabs/databend/issues/20020,fix_merged,
https://github.com/qdrant/qdrant/issues/9745,maintainer,
https://github.com/oxidecomputer/omicron/issues/3356,fix_merged,
https://github.com/cloudflare/pingora/issues/931,reproducer,reporter_only
https://github.com/tokio-rs/tokio/pull/8260,fix_merged,
https://github.com/MaterializeInc/materialize/pull/28956,fix_merged,
https://github.com/MaterializeInc/materialize/pull/12714,fix_merged,
https://github.com/qdrant/qdrant/pull/3367,fix_merged,
https://github.com/tokio-rs/tokio/issues/3929,fix_merged,
https://github.com/risingwavelabs/risingwave/issues/26409,fix_merged,
https://github.com/tokio-rs/tokio/issues/3711,maintainer,
https://github.com/meilisearch/meilisearch/issues/6513,maintainer,
https://github.com/neondatabase/neon/issues/3478,fix_merged,
https://github.com/redis-rs/redis-rs/issues/851,maintainer,
https://github.com/neondatabase/neon/pull/7117,fix_merged,
https://github.com/oxidecomputer/omicron/pull/3140,fix_merged,
https://github.com/qdrant/qdrant/pull/7530,fix_merged,
https://github.com/risingwavelabs/risingwave/issues/26179,reproducer,reporter_only
https://github.com/qdrant/qdrant/issues/9670,fix_merged,
https://github.com/neondatabase/neon/issues/6028,fix_merged,
https://github.com/tokio-rs/tokio/pull/3965,fix_merged,
https://github.com/tokio-rs/tokio/issues/5535,maintainer,
https://github.com/hyperium/hyper/issues/4040,fix_merged,
https://github.com/qdrant/qdrant/pull/7787,fix_merged,
https://github.com/tokio-rs/tokio/issues/2685,fix_merged,
https://github.com/denoland/deno/issues/35601,maintainer,
https://github.com/tokio-rs/tokio/issues/5285,maintainer,
https://github.com/denoland/deno/pull/20316,fix_merged,
https://github.com/tokio-rs/tokio/issues/2318,maintainer,
https://github.com/meilisearch/meilisearch/issues/6508,reproducer,reporter_only
https://github.com/redis-rs/redis-rs/issues/325,maintainer,
https://github.com/MaterializeInc/materialize/pull/28816,fix_merged,
https://github.com/hyperium/hyper/issues/3995,fix_merged,
https://github.com/risingwavelabs/risingwave/pull/12725,fix_merged,
https://github.com/risingwavelabs/risingwave/issues/26172,reproducer,reporter_only
https://github.com/quinn-rs/quinn/pull/1458,fix_merged,
https://github.com/MaterializeInc/materialize/pull/12479,fix_merged,
https://github.com/oxidecomputer/propolis/issues/650,maintainer,
https://github.com/qdrant/qdrant/issues/9665,maintainer,
https://github.com/qdrant/qdrant/pull/10338,fix_merged,
https://github.com/risingwavelabs/risingwave/issues/3909,fix_merged,
https://github.com/MaterializeInc/materialize/pull/38577,fix_merged,
https://github.com/qdrant/qdrant/pull/8680,fix_merged,
https://github.com/tokio-rs/tokio/issues/6877,maintainer,
https://github.com/risingwavelabs/risingwave/pull/6985,fix_merged,
https://github.com/MaterializeInc/materialize/pull/26190,fix_merged,
https://github.com/n0-computer/iroh/pull/2572,fix_merged,
https://github.com/databendlabs/databend/pull/17902,fix_merged,
https://github.com/neondatabase/neon/pull/12345,fix_merged,
https://github.com/risingwavelabs/risingwave/issues/26176,reproducer,reporter_only
https://github.com/n0-computer/iroh/pull/2536,fix_merged,
https://github.com/hyperium/hyper/issues/3199,maintainer,
https://github.com/tokio-rs/tokio/issues/542,maintainer,
https://github.com/hyperium/h2/issues/546,fix_merged,
https://github.com/MaterializeInc/materialize/pull/12485,fix_merged,
https://github.com/cloudflare/pingora/issues/932,maintainer,
https://github.com/neondatabase/neon/pull/6101,fix_merged,
https://github.com/risingwavelabs/risingwave/issues/26220,fix_merged,
https://github.com/MaterializeInc/materialize/pull/29221,fix_merged,
https://github.com/oxidecomputer/omicron/pull/3579,fix_merged,
https://github.com/paritytech/polkadot-sdk/pull/11013,maintainer,
https://github.com/tokio-rs/tokio/issues/7979,fix_merged,
https://github.com/tokio-rs/tokio/issues/1842,fix_merged,
https://github.com/risingwavelabs/risingwave/pull/22128,fix_merged,
https://github.com/tokio-rs/tokio/pull/3672,fix_merged,
https://github.com/cloudflare/pingora/issues/933,reproducer,reporter_only
https://github.com/tokio-rs/tokio/pull/1495,fix_merged,
https://github.com/tokio-rs/tokio/pull/8095,fix_merged,
https://github.com/hyperium/hyper/pull/1584,fix_merged,
https://github.com/n0-computer/iroh/pull/4460,fix_merged,
https://github.com/tokio-rs/tokio/pull/8252,fix_merged,
https://github.com/seanmonstar/reqwest/issues/949,maintainer,
https://github.com/oxidecomputer/dropshot/issues/914,fix_merged,
https://github.com/risingwavelabs/risingwave/pull/6658,fix_merged,
https://github.com/neondatabase/neon/pull/4314,fix_merged,
https://github.com/tokio-rs/tokio/issues/4908,maintainer,
https://github.com/tokio-rs/tokio/pull/4604,fix_merged,
https://github.com/oxidecomputer/omicron/pull/11263,fix_merged,
https://github.com/redis-rs/redis-rs/pull/597,fix_merged,
https://github.com/tokio-rs/tokio/pull/7436,fix_merged,
https://github.com/tokio-rs/tokio/issues/3825,maintainer,
https://github.com/hyperium/hyper/issues/2113,maintainer,
https://github.com/vectordotdev/vector/issues/21657,reproducer,contested
https://github.com/oxidecomputer/omicron/pull/3351,fix_merged,
https://github.com/denoland/deno/pull/14317,fix_merged,
https://github.com/tokio-rs/tokio/issues/6369,fix_merged,
https://github.com/neondatabase/neon/issues/7062,fix_merged,
https://github.com/risingwavelabs/risingwave/pull/25152,fix_merged,
https://github.com/cloudflare/pingora/pull/949,reproducer,
https://github.com/risingwavelabs/risingwave/pull/8145,fix_merged,
