url,relevant,fix_url,basis,sheet
https://github.com/qdrant/qdrant/pull/9217,adjacent,,agree,positives
https://github.com/tokio-rs/tokio/pull/2340,yes,,agree,positives
https://github.com/neondatabase/neon/issues/5697,adjacent,,agree,positives
https://github.com/databendlabs/databend/issues/20042,unclear,,adjudicated,positives
https://github.com/risingwavelabs/risingwave/issues/26180,yes,,agree,positives
https://github.com/grpc/grpc-rust/pull/2791,no,,adjudicated,positives
https://github.com/databendlabs/databend/issues/20044,yes,https://github.com/databendlabs/databend/pull/20050,agree,positives
https://github.com/qdrant/qdrant/issues/9532,yes,https://github.com/qdrant/qdrant/pull/9533,agree,positives
https://github.com/vectordotdev/vector/pull/24670,dup,https://github.com/vectordotdev/vector/issues/21657,agree+dedup,positives
https://github.com/databendlabs/databend/issues/20015,yes,https://github.com/databendlabs/databend/pull/20016,agree,positives
https://github.com/neondatabase/neon/pull/7235,dup,https://github.com/neondatabase/neon/issues/7062,agree+dedup,positives
https://github.com/neondatabase/neon/issues/10023,yes,,agree,positives
https://github.com/qdrant/qdrant/pull/9686,dup,https://github.com/qdrant/qdrant/issues/9668,agree,positives
https://github.com/tokio-rs/tokio/issues/6493,yes,https://github.com/tokio-rs/tokio/pull/6494,agree,positives
https://github.com/oxidecomputer/omicron/pull/10204,yes,,agree,positives
https://github.com/cloudflare/pingora/issues/934,yes,https://github.com/cloudflare/pingora/commit/6dcc236,agree,positives
https://github.com/oxidecomputer/omicron/pull/9268,adjacent,,agree,positives
https://github.com/neondatabase/neon/commit/2bd79906d944fa1e670727196e613192fc994c58,dup,https://github.com/neondatabase/neon/pull/5696,agree,positives
https://github.com/databendlabs/databend/issues/20020,yes,https://github.com/databendlabs/databend/pull/20021,agree,positives
https://github.com/hyperium/hyper/issues/3906,unclear,,agree,positives
https://github.com/MaterializeInc/materialize/commit/b8f9449becda3c705ec65d49a150a746d1f046e8,dup,https://github.com/MaterializeInc/materialize/pull/34980,agree,positives
https://github.com/qdrant/qdrant/issues/9745,yes,https://github.com/qdrant/qdrant/pull/9770,agree,positives
https://github.com/oxidecomputer/omicron/issues/3356,yes,https://github.com/oxidecomputer/omicron/pull/3411,agree,positives
https://github.com/cloudflare/pingora/issues/931,yes,https://github.com/cloudflare/pingora/pull/948,agree,positives
https://github.com/tokio-rs/tokio/pull/8260,yes,,agree,positives
https://github.com/MaterializeInc/materialize/pull/28956,yes,,agree,positives
https://github.com/MaterializeInc/materialize/pull/12714,yes,,agree,positives
https://github.com/qdrant/qdrant/pull/3367,yes,,agree,positives
https://github.com/tokio-rs/tokio/issues/3929,yes,https://github.com/tokio-rs/tokio/pull/3934,agree,positives
https://github.com/risingwavelabs/risingwave/issues/26409,yes,https://github.com/risingwavelabs/risingwave/pull/26412,agree,positives
https://github.com/tokio-rs/tokio/issues/3711,yes,,agree,positives
https://github.com/meilisearch/meilisearch/issues/6513,yes,https://github.com/meilisearch/meilisearch/pull/6526,agree,positives
https://github.com/neondatabase/neon/issues/3478,yes,https://github.com/neondatabase/neon/pull/4314,agree,positives
https://github.com/MaterializeInc/materialize/pull/10971,dup,https://github.com/MaterializeInc/materialize/pull/12714,agree,positives
https://github.com/redis-rs/redis-rs/issues/851,yes,,agree,positives
https://github.com/neondatabase/neon/pull/7117,yes,,agree,positives
https://github.com/oxidecomputer/omicron/pull/3140,yes,,agree,positives
https://github.com/qdrant/qdrant/pull/7530,yes,,agree,positives
https://github.com/risingwavelabs/risingwave/issues/26179,yes,,agree,positives
https://github.com/qdrant/qdrant/issues/9670,yes,https://github.com/qdrant/qdrant/pull/9671,agree,positives
https://github.com/n0-computer/iroh/pull/2924,unclear,,agree,positives
https://github.com/neondatabase/neon/issues/6028,yes,https://github.com/neondatabase/neon/pull/7030,agree,positives
https://github.com/tokio-rs/tokio/pull/3965,yes,,agree,positives
https://github.com/tokio-rs/tokio/issues/5535,yes,,agree,positives
https://github.com/hyperium/hyper/issues/4040,yes,https://github.com/hyperium/hyper/pull/4042,agree,positives
https://github.com/qdrant/qdrant/pull/7787,yes,https://github.com/qdrant/qdrant/pull/7791,agree,positives
https://github.com/tokio-rs/tokio/issues/2685,yes,https://github.com/tokio-rs/tokio/pull/2907,agree,positives
https://github.com/denoland/deno/issues/35601,yes,,agree,positives
https://github.com/tokio-rs/axum/issues/3326,unclear,,agree,positives
https://github.com/oxidecomputer/omicron/pull/3345,unclear,,agree,positives
https://github.com/redis-rs/redis-rs/issues/553,dup,https://github.com/redis-rs/redis-rs/issues/851,adjudicated,positives
https://github.com/linkerd/linkerd2-proxy/pull/299,no,,agree,positives
https://github.com/tokio-rs/tokio/issues/5285,yes,,agree,positives
https://github.com/qdrant/qdrant/issues/9668,adjacent,https://github.com/qdrant/qdrant/pull/9686,agree,positives
https://github.com/denoland/deno/pull/20316,yes,,agree,positives
https://github.com/hyperium/h2/issues/138,adjacent,,adjudicated,positives
https://github.com/tokio-rs/tokio/issues/2318,yes,https://github.com/tokio-rs/tokio/pull/2420,agree,positives
https://github.com/meilisearch/meilisearch/issues/6508,yes,https://github.com/meilisearch/meilisearch/pull/6599,agree,positives
https://github.com/MaterializeInc/materialize/pull/34980,adjacent,,agree,positives
https://github.com/tokio-rs/tokio/issues/5861,no,,adjudicated,positives
https://github.com/redis-rs/redis-rs/issues/325,yes,https://github.com/redis-rs/redis-rs/pull/733,agree,positives
https://github.com/MaterializeInc/materialize/pull/28816,yes,,agree,positives
https://github.com/hyperium/hyper/issues/3995,yes,https://github.com/hyperium/hyper/pull/4069,agree,positives
https://github.com/risingwavelabs/risingwave/pull/12725,yes,,agree,positives
https://github.com/risingwavelabs/risingwave/issues/26172,yes,,agree,positives
https://github.com/quinn-rs/quinn/pull/1458,yes,,agree,positives
https://github.com/neondatabase/neon/pull/5696,adjacent,,agree,positives
https://github.com/MaterializeInc/materialize/pull/12479,yes,,agree,positives
https://github.com/oxidecomputer/propolis/issues/650,yes,,adjudicated,positives
https://github.com/libp2p/rust-libp2p/issues/2329,adjacent,,adjudicated,positives
https://github.com/qdrant/qdrant/issues/9665,yes,https://github.com/qdrant/qdrant/pull/9667,agree,positives
https://github.com/denoland/deno/issues/36786,adjacent,https://github.com/denoland/deno/pull/36801,agree,positives
https://github.com/hyperium/h2/issues/907,unclear,,agree,positives
https://github.com/qdrant/qdrant/pull/10338,yes,,agree,positives
https://github.com/tokio-rs/axum/pull/2705,unclear,,agree,positives
https://github.com/risingwavelabs/risingwave/issues/3909,yes,https://github.com/risingwavelabs/risingwave/pull/3911,agree,positives
https://github.com/MaterializeInc/materialize/pull/38577,yes,,agree,positives
https://github.com/tokio-rs/tokio/pull/8258,no,,adjudicated,positives
https://github.com/qdrant/qdrant/pull/8680,yes,,agree,positives
https://github.com/tokio-rs/tokio/issues/6877,yes,,agree,positives
https://github.com/risingwavelabs/risingwave/pull/6985,yes,,agree,positives
https://github.com/oxidecomputer/propolis/issues/434,dup,https://github.com/oxidecomputer/omicron/issues/3356,agree,positives
https://github.com/MaterializeInc/materialize/pull/26190,yes,,agree,positives
https://github.com/MaterializeInc/materialize/pull/35938,adjacent,,adjudicated,positives
https://github.com/n0-computer/iroh/pull/2572,yes,,agree,positives
https://github.com/databendlabs/databend/pull/17902,yes,,agree,positives
https://github.com/neondatabase/neon/pull/12345,yes,,agree,positives
https://github.com/risingwavelabs/risingwave/issues/26176,yes,,agree,positives
https://github.com/n0-computer/iroh/pull/2536,yes,https://github.com/n0-computer/iroh/pull/2539,agree,positives
https://github.com/hyperium/hyper/issues/3199,yes,https://github.com/hyperium/hyper/pull/3205,agree,positives
https://github.com/tokio-rs/tokio/issues/542,yes,https://github.com/tokio-rs/tokio/pull/649,agree,positives
https://github.com/hyperium/h2/issues/546,yes,https://github.com/tokio-rs/tokio/pull/3870,agree,positives
https://github.com/MaterializeInc/materialize/pull/12485,yes,,agree,positives
https://github.com/cloudflare/pingora/issues/932,yes,https://github.com/cloudflare/pingora/pull/949,agree,positives
https://github.com/neondatabase/neon/pull/6101,yes,,agree,positives
https://github.com/cloudflare/pingora/issues/910,adjacent,https://github.com/cloudflare/pingora/pull/911,agree,positives
https://github.com/cloudflare/pingora/pull/911,dup,https://github.com/cloudflare/pingora/issues/910,agree,positives
https://github.com/risingwavelabs/risingwave/issues/26220,yes,https://github.com/risingwavelabs/risingwave/pull/26221,agree,positives
https://github.com/MaterializeInc/materialize/pull/29221,yes,,agree,positives
https://github.com/oxidecomputer/omicron/pull/3579,yes,,agree,positives
https://github.com/paritytech/polkadot-sdk/pull/11013,yes,,adjudicated,positives
https://github.com/tokio-rs/tokio/issues/7979,yes,https://github.com/tokio-rs/tokio/pull/7983,agree,positives
https://github.com/qdrant/qdrant/pull/9773,dup,https://github.com/qdrant/qdrant/issues/9668,agree,positives
https://github.com/tokio-rs/tokio/issues/1842,yes,https://github.com/tokio-rs/tokio/pull/1843,agree,positives
https://github.com/oxidecomputer/omicron/issues/9569,no,https://github.com/oxidecomputer/omicron/pull/9612,agree,positives
https://github.com/linkerd/linkerd2-proxy/pull/220,adjacent,,adjudicated,positives
https://github.com/risingwavelabs/risingwave/pull/22128,yes,,agree,positives
https://github.com/tokio-rs/tokio/pull/3672,yes,,agree,positives
https://github.com/cloudflare/pingora/issues/933,yes,https://github.com/cloudflare/pingora/pull/1002,agree,positives
https://github.com/neondatabase/neon/pull/3247,no,,agree,negatives
https://github.com/tokio-rs/tokio/issues/6979,no,,agree,negatives
https://github.com/denoland/deno/issues/21590,no,,adjudicated,negatives
https://github.com/n0-computer/iroh/issues/3959,no,,agree,negatives
https://github.com/tokio-rs/tokio/pull/8294,no,,agree,negatives
https://github.com/oxidecomputer/propolis/commit/04a275736e9f3316de6bf2a4077d03acfa4e2cdf,dup,https://github.com/oxidecomputer/omicron/issues/3356,agree,negatives
https://github.com/tokio-rs/tokio/issues/556,no,,agree,negatives
https://github.com/tokio-rs/tokio/pull/1495,yes,,adjudicated,negatives
https://github.com/MaterializeInc/materialize/pull/18718,no,,adjudicated,negatives
https://github.com/libp2p/rust-libp2p/issues/332,no,,agree,negatives
https://github.com/hyperium/hyper/issues/2723,unclear,,adjudicated,negatives
https://github.com/MaterializeInc/materialize/commit/c723c0bc2deb5e544d8ce43e4b431badc26d2d34,no,,agree,negatives
https://github.com/tokio-rs/tokio/commit/22e6aef6e776b00ce36f8c7e003f475d9bd18242,no,,agree,negatives
https://github.com/neondatabase/neon/pull/6000,no,,agree,negatives
https://github.com/oxidecomputer/propolis/issues/578,no,,agree,negatives
https://github.com/tokio-rs/axum/issues/3112,no,,adjudicated,negatives
https://github.com/cloudflare/pingora/issues/935,no,https://github.com/cloudflare/pingora/pull/936,agree,negatives
https://github.com/MaterializeInc/materialize/pull/15518,no,,agree,negatives
https://github.com/grpc/grpc-rust/issues/1450,no,,adjudicated,negatives
https://github.com/risingwavelabs/risingwave/pull/779,no,,adjudicated,negatives
https://github.com/qdrant/qdrant/pull/7871,no,,agree,negatives
https://github.com/paritytech/polkadot-sdk/pull/8887,no,,agree,negatives
https://github.com/linkerd/linkerd2-proxy/pull/2279,no,,agree,negatives
https://github.com/grpc/grpc-rust/pull/612,no,,agree,negatives
https://github.com/oxidecomputer/dropshot/pull/617,no,,agree,negatives
https://github.com/meilisearch/meilisearch/issues/3715,adjacent,,agree,negatives
https://github.com/tokio-rs/tokio/pull/8095,yes,,agree,negatives
https://github.com/neondatabase/neon/pull/7655,no,,agree,negatives
https://github.com/neondatabase/neon/commit/d98cb399787f76d61985b58648c56c050d82f206,no,,agree,negatives
https://github.com/tokio-rs/tokio/pull/7899,no,,adjudicated,negatives
https://github.com/databendlabs/databend/issues/15488,no,,agree,negatives
https://github.com/tokio-rs/tracing/issues/188,no,,agree,negatives
https://github.com/risingwavelabs/risingwave/pull/26661,dup,https://github.com/risingwavelabs/risingwave/issues/26409,agree,negatives
https://github.com/redis-rs/redis-rs/issues/1570,no,,agree,negatives
https://github.com/hyperium/hyper/pull/1584,yes,https://github.com/hyperium/hyper/pull/1585,agree,negatives
https://github.com/risingwavelabs/risingwave/issues/5605,no,,agree,negatives
https://github.com/qdrant/qdrant/pull/8713,no,,agree,negatives
https://github.com/risingwavelabs/risingwave/issues/691,no,,adjudicated,negatives
https://github.com/neondatabase/neon/pull/2785,unclear,,adjudicated,negatives
https://github.com/tokio-rs/tokio/issues/6430,no,https://github.com/tokio-rs/tokio/pull/6431,agree,negatives
https://github.com/quinn-rs/quinn/issues/1763,no,https://github.com/quinn-rs/quinn/pull/1764,agree,negatives
https://github.com/MaterializeInc/materialize/pull/36862,no,,agree,negatives
https://github.com/tokio-rs/tokio/pull/4335,no,,agree,negatives
https://github.com/influxdata/influxdb/issues/27385,no,,agree,negatives
https://github.com/MaterializeInc/materialize/pull/23572,no,,adjudicated,negatives
https://github.com/MaterializeInc/materialize/pull/22487,no,,agree,negatives
https://github.com/oxidecomputer/dropshot/issues/695,no,,adjudicated,negatives
https://github.com/linkerd/linkerd2-proxy/commit/4ebadcaabf9ae06cb5c3de9cf5687ca281a6688b,no,,agree,negatives
https://github.com/tokio-rs/axum/issues/2610,no,,agree,negatives
https://github.com/hyperium/hyper/pull/1860,no,,agree,negatives
https://github.com/MaterializeInc/materialize/commit/d7a59a3901663d3613a9fc94c08a39ce817f7d9d,no,,agree,negatives
https://github.com/grpc/grpc-rust/issues/936,no,,agree,negatives
https://github.com/hyperium/h2/pull/337,no,,adjudicated,negatives
https://github.com/quinn-rs/quinn/pull/2375,no,,agree,negatives
https://github.com/vectordotdev/vector/pull/26299,no,,adjudicated,negatives
https://github.com/qdrant/qdrant/pull/2918,no,,agree,negatives
https://github.com/MaterializeInc/materialize/pull/16654,no,,adjudicated,negatives
https://github.com/vectordotdev/vector/pull/23097,no,,agree,negatives
https://github.com/neondatabase/neon/pull/4893,no,,agree,negatives
https://github.com/oxidecomputer/omicron/pull/3795,no,,agree,negatives
https://github.com/grpc/grpc-rust/issues/867,no,,agree,full
https://github.com/hyperium/hyper/issues/3759,no,,agree,full
https://github.com/tokio-rs/tokio/issues/4618,no,,agree,full
https://github.com/hyperium/hyper/issues/1099,adjacent,,agree,full
https://github.com/vectordotdev/vector/issues/25217,no,,agree,full
https://github.com/n0-computer/iroh/pull/4460,yes,,agree,full
https://github.com/neondatabase/neon/pull/135,no,,agree,full
https://github.com/tokio-rs/tokio/pull/5822,no,,agree,full
https://github.com/tokio-rs/tokio/pull/6298,no,,agree,full
https://github.com/qdrant/qdrant/pull/6725,no,,agree,full
https://github.com/tokio-rs/tokio/pull/8252,yes,,agree,full
https://github.com/tokio-rs/tokio/issues/6422,unclear,,agree,full
https://github.com/hyperium/hyper/issues/2787,adjacent,,agree,full
https://github.com/vectordotdev/vector/issues/12217,no,,agree,full
https://github.com/libp2p/rust-libp2p/issues/3574,no,,agree,full
https://github.com/risingwavelabs/risingwave/pull/25604,adjacent,,agree,full
https://github.com/vectordotdev/vector/issues/2950,no,,agree,full
https://github.com/paritytech/polkadot-sdk/issues/9797,no,,agree,full
https://github.com/quinn-rs/quinn/issues/454,no,,agree,full
https://github.com/quinn-rs/quinn/issues/2011,no,,agree,full
https://github.com/neondatabase/neon/issues/988,adjacent,,agree,full
https://github.com/influxdata/influxdb/issues/13425,no,,agree,full
https://github.com/meilisearch/meilisearch/pull/6599,dup,https://github.com/meilisearch/meilisearch/issues/6508,adjudicated+dedup,full
https://github.com/qdrant/qdrant/pull/10684,no,,agree,full
https://github.com/tokio-rs/tokio/issues/8042,no,,agree,full
https://github.com/tokio-rs/tokio/issues/3512,no,,agree,full
https://github.com/tokio-rs/tokio/issues/5780,no,,agree,full
https://github.com/cloudflare/pingora/pull/800,no,,adjudicated,full
https://github.com/libp2p/rust-libp2p/issues/5060,no,,agree,full
https://github.com/neondatabase/neon/pull/3576,no,,agree,full
https://github.com/grpc/grpc-rust/issues/1339,no,,agree,full
https://github.com/tokio-rs/tokio/issues/545,no,,agree,full
https://github.com/MaterializeInc/materialize/pull/22034,adjacent,,agree,full
https://github.com/libp2p/rust-libp2p/pull/94,no,,adjudicated,full
https://github.com/n0-computer/iroh/pull/4138,no,,agree,full
https://github.com/risingwavelabs/risingwave/issues/26075,no,,adjudicated,full
https://github.com/denoland/deno/issues/17332,no,,agree,full
https://github.com/seanmonstar/reqwest/issues/949,yes,,agree,full
https://github.com/risingwavelabs/risingwave/pull/24286,no,,adjudicated,full
https://github.com/redis-rs/redis-rs/issues/310,no,,agree,full
https://github.com/qdrant/qdrant/pull/7798,adjacent,,agree,full
https://github.com/n0-computer/iroh/pull/4276,no,,agree,full
https://github.com/denoland/deno/issues/33085,no,,agree,full
https://github.com/redis-rs/redis-rs/issues/1236,no,,agree,full
https://github.com/n0-computer/iroh/pull/4492,no,,agree,full
https://github.com/tokio-rs/tokio/issues/2234,no,,agree,full
https://github.com/tokio-rs/tokio/issues/6669,no,,agree,full
https://github.com/neondatabase/neon/pull/4403,no,,agree,full
https://github.com/neondatabase/neon/issues/6838,no,,agree,full
https://github.com/influxdata/influxdb/issues/1116,no,,agree,full
https://github.com/cloudflare/pingora/pull/798,dup,https://github.com/cloudflare/pingora/pull/800,agree,full
https://github.com/tokio-rs/tokio/issues/6543,no,,agree,full
https://github.com/databendlabs/databend/issues/20455,adjacent,,agree,full
https://github.com/tokio-rs/tokio/issues/3117,no,,adjudicated,full
https://github.com/oxidecomputer/dropshot/issues/914,yes,,agree,full
https://github.com/vectordotdev/vector/pull/23635,adjacent,,agree,full
https://github.com/MaterializeInc/materialize/pull/28243,no,,agree,full
https://github.com/neondatabase/neon/issues/3108,no,,agree,full
https://github.com/neondatabase/neon/pull/272,no,,agree,full
https://github.com/tokio-rs/tokio/issues/2039,no,,agree,full
https://github.com/vectordotdev/vector/pull/26310,no,,adjudicated,full
https://github.com/paritytech/polkadot-sdk/issues/1499,no,,agree,full
https://github.com/qdrant/qdrant/pull/9760,no,,agree,full
https://github.com/tokio-rs/tokio/pull/216,no,,adjudicated,full
https://github.com/denoland/deno/pull/26781,no,,agree,full
https://github.com/qdrant/qdrant/pull/2907,no,,adjudicated,full
https://github.com/neondatabase/neon/pull/11052,adjacent,,agree,full
https://github.com/denoland/deno/issues/18167,no,,agree,full
https://github.com/risingwavelabs/risingwave/pull/6658,yes,,agree,full
https://github.com/denoland/deno/issues/28632,no,,adjudicated,full
https://github.com/neondatabase/neon/pull/4314,dup,https://github.com/neondatabase/neon/issues/3478,agree+dedup,full
https://github.com/tokio-rs/tokio/issues/4556,no,,agree,full
https://github.com/oxidecomputer/omicron/issues/7835,no,,agree,full
https://github.com/tokio-rs/tokio/issues/4908,yes,,adjudicated,full
https://github.com/neondatabase/neon/issues/3746,no,,agree,full
https://github.com/hyperium/hyper/pull/1573,no,,agree,full
https://github.com/denoland/deno/issues/19041,no,,agree,full
https://github.com/neondatabase/neon/issues/6213,no,,agree,full
https://github.com/n0-computer/iroh/pull/2914,adjacent,,agree,full
https://github.com/vectordotdev/vector/issues/26442,adjacent,,agree,full
https://github.com/tokio-rs/tokio/pull/4604,yes,https://github.com/tokio-rs/tokio/pull/4795,agree,full
https://github.com/tokio-rs/tokio/issues/5340,no,,adjudicated,full
https://github.com/denoland/deno/issues/33166,unclear,,adjudicated,full
https://github.com/denoland/deno/issues/35352,no,,agree,full
https://github.com/risingwavelabs/risingwave/pull/5822,no,,agree,full
https://github.com/hyperium/hyper/issues/3792,no,,adjudicated,full
https://github.com/neondatabase/neon/pull/5711,adjacent,,agree,full
https://github.com/quinn-rs/quinn/issues/1904,no,,agree,full
https://github.com/risingwavelabs/risingwave/pull/14517,no,,agree,full
https://github.com/tokio-rs/tokio/issues/6544,no,,agree,full
https://github.com/qdrant/qdrant/pull/8159,no,,agree,full
https://github.com/oxidecomputer/dropshot/pull/965,no,,adjudicated,full
https://github.com/tokio-rs/tokio/issues/6971,no,,agree,full
https://github.com/tokio-rs/tokio/pull/6330,no,,agree,full
https://github.com/denoland/deno/issues/22185,no,,adjudicated,full
https://github.com/risingwavelabs/risingwave/pull/25121,no,,agree,full
https://github.com/neondatabase/neon/pull/2466,no,,agree,full
https://github.com/neondatabase/neon/pull/9923,no,,agree,full
https://github.com/denoland/deno/issues/33366,no,,agree,full
https://github.com/vectordotdev/vector/issues/10435,no,,adjudicated,full
https://github.com/denoland/deno/issues/21653,adjacent,,agree,full
https://github.com/qdrant/qdrant/pull/8651,adjacent,,agree,full
https://github.com/vectordotdev/vector/issues/13211,no,,agree,full
https://github.com/hyperium/hyper/pull/3205,dup,https://github.com/hyperium/hyper/issues/3199,agree+dedup,full
https://github.com/neondatabase/neon/pull/8256,no,,agree,full
https://github.com/qdrant/qdrant/pull/8768,no,,agree,full
https://github.com/oxidecomputer/omicron/pull/9612,no,,agree,full
https://github.com/hyperium/hyper/pull/1369,no,,agree,full
https://github.com/oxidecomputer/omicron/pull/11263,yes,,agree,full
https://github.com/cloudflare/pingora/issues/314,no,,agree,full
https://github.com/risingwavelabs/risingwave/pull/4834,no,,agree,full
https://github.com/oxidecomputer/omicron/pull/7097,no,,agree,full
https://github.com/vectordotdev/vector/pull/17497,adjacent,,adjudicated,full
https://github.com/grpc/grpc-rust/issues/1249,no,,agree,full
https://github.com/cloudflare/pingora/pull/797,no,,adjudicated,full
https://github.com/libp2p/rust-libp2p/issues/5213,no,,agree,full
https://github.com/neondatabase/neon/issues/8542,no,,agree,full
https://github.com/tokio-rs/tokio/issues/2565,no,,agree,full
https://github.com/vectordotdev/vector/pull/17380,no,,agree,full
https://github.com/risingwavelabs/risingwave/pull/5240,no,,agree,full
https://github.com/denoland/deno/issues/31589,no,,agree,full
https://github.com/tokio-rs/tokio/issues/5896,no,,agree,full
https://github.com/denoland/deno/pull/33855,no,,agree,full
https://github.com/redis-rs/redis-rs/pull/597,yes,,agree,full
https://github.com/vectordotdev/vector/pull/24278,adjacent,,adjudicated,full
https://github.com/databendlabs/databend/issues/16481,no,,agree,full
https://github.com/tokio-rs/tokio/pull/7436,yes,,agree,full
https://github.com/neondatabase/neon/pull/7562,no,,agree,full
https://github.com/vectordotdev/vector/pull/25892,no,,agree,full
https://github.com/qdrant/qdrant/pull/9233,no,,agree,full
https://github.com/databendlabs/databend/pull/20109,no,,agree,full
https://github.com/denoland/deno/issues/24491,no,,agree,full
https://github.com/tokio-rs/tokio/issues/5053,no,,agree,full
https://github.com/vectordotdev/vector/pull/1917,no,,agree,full
https://github.com/tokio-rs/tokio/issues/3825,yes,,adjudicated,full
https://github.com/hyperium/hyper/issues/2113,yes,,adjudicated,full
https://github.com/quinn-rs/quinn/issues/2309,no,,agree,full
https://github.com/vectordotdev/vector/issues/22026,no,,agree,full
https://github.com/neondatabase/neon/pull/12591,no,,agree,full
https://github.com/hyperium/hyper/issues/4122,no,,adjudicated,full
https://github.com/vectordotdev/vector/issues/21657,yes,,adjudicated,full
https://github.com/neondatabase/neon/issues/5007,no,,agree,full
https://github.com/redis-rs/redis-rs/issues/1610,no,,agree,full
https://github.com/risingwavelabs/risingwave/issues/26275,no,,agree,full
https://github.com/denoland/deno/issues/26924,no,,adjudicated,full
https://github.com/tokio-rs/tokio/issues/7108,no,,agree,full
https://github.com/denoland/deno/pull/20641,no,,adjudicated,full
https://github.com/tokio-rs/tokio/pull/2474,no,,agree,full
https://github.com/redis-rs/redis-rs/pull/633,no,,agree,full
https://github.com/databendlabs/databend/pull/8333,no,,agree,full
https://github.com/hyperium/hyper/issues/2161,no,,agree,full
https://github.com/denoland/deno/issues/17283,no,,agree,full
https://github.com/vectordotdev/vector/issues/19190,no,,agree,full
https://github.com/vectordotdev/vector/issues/25746,no,,agree,full
https://github.com/denoland/deno/issues/23678,no,,agree,full
https://github.com/neondatabase/neon/pull/5766,no,,agree,full
https://github.com/denoland/deno/issues/17933,no,,agree,full
https://github.com/neondatabase/neon/pull/10677,no,,agree,full
https://github.com/vectordotdev/vector/pull/25901,no,,agree,full
https://github.com/neondatabase/neon/pull/11575,adjacent,,agree,full
https://github.com/oxidecomputer/omicron/issues/7202,no,,agree,full
https://github.com/hyperium/hyper/issues/1764,no,,agree,full
https://github.com/oxidecomputer/omicron/pull/3351,yes,,adjudicated,full
https://github.com/risingwavelabs/risingwave/pull/26221,dup,https://github.com/risingwavelabs/risingwave/issues/26220,agree+dedup,full
https://github.com/grpc/grpc-rust/issues/2522,no,,agree,full
https://github.com/MaterializeInc/materialize/pull/31938,no,,agree,full
https://github.com/neondatabase/neon/pull/9462,no,,agree,full
https://github.com/hyperium/hyper/pull/3290,no,,agree,full
https://github.com/tokio-rs/axum/pull/3831,adjacent,,agree,full
https://github.com/hyperium/hyper/issues/1360,adjacent,,adjudicated,full
https://github.com/denoland/deno/issues/27129,no,,agree,full
https://github.com/databendlabs/databend/pull/15582,no,,agree,full
https://github.com/vectordotdev/vector/pull/14846,adjacent,,adjudicated,full
https://github.com/vectordotdev/vector/issues/24193,no,,agree,full
https://github.com/denoland/deno/issues/10854,adjacent,,agree,full
https://github.com/quinn-rs/quinn/pull/2220,no,,agree,full
https://github.com/n0-computer/iroh/issues/4325,no,,agree,full
https://github.com/n0-computer/iroh/pull/2940,adjacent,,agree,full
https://github.com/paritytech/polkadot-sdk/pull/2132,no,,agree,full
https://github.com/risingwavelabs/risingwave/issues/19349,no,,agree,full
https://github.com/tokio-rs/tokio/issues/7805,no,,adjudicated,full
https://github.com/neondatabase/neon/pull/7632,no,,agree,full
https://github.com/neondatabase/neon/pull/12371,adjacent,,agree,full
https://github.com/MaterializeInc/materialize/pull/35681,no,,agree,full
https://github.com/qdrant/qdrant/pull/7781,adjacent,,agree,full
https://github.com/grpc/grpc-rust/pull/2744,no,,agree,full
https://github.com/denoland/deno/issues/34369,no,,agree,full
https://github.com/tokio-rs/tokio/pull/8226,no,,agree,full
https://github.com/tokio-rs/tokio/issues/6519,no,,agree,full
https://github.com/denoland/deno/pull/33459,no,,adjudicated,full
https://github.com/tokio-rs/axum/issues/3359,no,,agree,full
https://github.com/neondatabase/neon/pull/5761,no,,agree,full
https://github.com/neondatabase/neon/pull/7051,adjacent,,agree,full
https://github.com/hyperium/hyper/pull/1585,dup,https://github.com/hyperium/hyper/pull/1584,adjudicated+dedup,full
https://github.com/neondatabase/neon/issues/5826,no,,agree,full
https://github.com/grpc/grpc-rust/pull/2588,no,,agree,full
https://github.com/neondatabase/neon/issues/7390,no,,agree,full
https://github.com/hyperium/hyper/issues/3070,no,,agree,full
https://github.com/denoland/deno/issues/35292,adjacent,,agree,full
https://github.com/neondatabase/neon/issues/8407,no,,agree,full
https://github.com/quinn-rs/quinn/issues/1906,adjacent,,agree,full
https://github.com/vectordotdev/vector/pull/25911,no,,agree,full
https://github.com/risingwavelabs/risingwave/issues/27007,no,,agree,full
https://github.com/neondatabase/neon/issues/6373,no,,agree,full
https://github.com/denoland/deno/pull/14317,yes,,agree,full
https://github.com/denoland/deno/pull/26761,dup,https://github.com/denoland/deno/issues/21653,adjudicated,full
https://github.com/grpc/grpc-rust/issues/377,no,,agree,full
https://github.com/denoland/deno/issues/29799,adjacent,,agree,full
https://github.com/neondatabase/neon/pull/9450,no,,agree,full
https://github.com/vectordotdev/vector/issues/25375,no,,agree,full
https://github.com/neondatabase/neon/pull/12402,adjacent,,adjudicated,full
https://github.com/oxidecomputer/omicron/issues/9259,adjacent,,adjudicated,full
https://github.com/neondatabase/neon/pull/2710,no,,agree,full
https://github.com/risingwavelabs/risingwave/pull/25276,no,,agree,full
https://github.com/tokio-rs/tokio/issues/6369,yes,,adjudicated,full
https://github.com/neondatabase/neon/pull/10994,no,,agree,full
https://github.com/neondatabase/neon/issues/7062,yes,,agree,full
https://github.com/risingwavelabs/risingwave/pull/25152,yes,,adjudicated,full
https://github.com/risingwavelabs/risingwave/issues/19707,no,,agree,full
https://github.com/neondatabase/neon/pull/3764,no,,agree,full
https://github.com/denoland/deno/issues/35824,no,,agree,full
https://github.com/neondatabase/neon/pull/4678,no,,adjudicated,full
https://github.com/vectordotdev/vector/issues/24932,no,,agree,full
https://github.com/tokio-rs/tokio/issues/2542,no,,agree,full
https://github.com/neondatabase/neon/pull/2884,no,,agree,full
https://github.com/risingwavelabs/risingwave/issues/24675,no,,agree,full
https://github.com/cloudflare/pingora/pull/949,dup,https://github.com/cloudflare/pingora/issues/932,agree+dedup,full
https://github.com/databendlabs/databend/issues/20007,no,,agree,full
https://github.com/tokio-rs/tokio/issues/7714,adjacent,,agree,full
https://github.com/risingwavelabs/risingwave/pull/8145,yes,,agree,full
https://github.com/tokio-rs/tokio/issues/5516,no,,agree,full
https://github.com/denoland/deno/pull/36044,no,,agree,full
https://github.com/vectordotdev/vector/pull/12580,no,,agree,full
https://github.com/neondatabase/neon/pull/9851,no,,agree,full
https://github.com/libp2p/rust-libp2p/issues/2461,no,,adjudicated,full
https://github.com/tokio-rs/tokio/issues/8199,no,,agree,full
https://github.com/databendlabs/databend/issues/1082,no,,adjudicated,full
https://github.com/quinn-rs/quinn/issues/2153,no,,agree,full
https://github.com/denoland/deno/issues/36417,no,,agree,full
https://github.com/qdrant/qdrant/pull/8862,adjacent,,agree,full
https://github.com/n0-computer/iroh/pull/3052,no,,agree,full
https://github.com/vectordotdev/vector/pull/10868,no,,agree,full
https://github.com/MaterializeInc/materialize/pull/28947,no,,agree,full
https://github.com/MaterializeInc/materialize/pull/35008,adjacent,,adjudicated,full
https://github.com/neondatabase/neon/pull/11241,no,,agree,full
https://github.com/vectordotdev/vector/pull/12248,no,,agree,full
https://github.com/tokio-rs/tokio/issues/4588,no,,agree,full
https://github.com/neondatabase/neon/pull/3026,no,,agree,full
https://github.com/databendlabs/databend/pull/17999,no,,agree,full
https://github.com/n0-computer/iroh/pull/2916,no,,agree,full
