url,reproduced,notes
https://github.com/tokio-rs/tokio/issues/6877,executed,"repro/tokio-6877: reporter's program on tokio 1.40.0; fails in baseline (the program's own select! cancels write_all)"
https://github.com/hyperium/hyper/issues/3995,executed,"repro/hyper-3995: hyper 1.9.0 violation (body Ok after 5/10 bytes) at 4/8 plans; 1.10.0 clean; baseline clean; confirmed at commit level: parent 156a6f6 violation, fix b7a679b clean"
https://github.com/tokio-rs/tokio/issues/7979,executed,"repro/tokio-7979: tokio 1.51.0 leaks 1 fd per cancelled io_uring open (seen only after settling); 1.52.0 clean; confirmed at commit level: parent ad8c59a leak, fix c791213 clean"
https://github.com/cloudflare/pingora/issues/931,executed,"repro/pingora-931: pingora-memory-cache 0.9.0 (latest) strands later callers (liveness); proposed fix #948 clean; #948 head differs from 0.9.0 only by the PR diff (source-level check); standalone tokio-only test in repro/pingora-931/upstream-test"
https://github.com/databendlabs/databend/issues/20020,modelled,"repro/modelled databend_20020: shape of async_sink.rs before/after #20021"
https://github.com/MaterializeInc/materialize/pull/38577,modelled,"repro/modelled materialize_38577: Pending placeholder across await"
https://github.com/qdrant/qdrant/issues/9665,modelled,"repro/modelled qdrant_9665: local.take() then await; fix shape from #9666"
https://github.com/risingwavelabs/risingwave/issues/3909,modelled,"repro/modelled risingwave_3909: dedup leader fetch in-future vs spawned (#3911)"
https://github.com/neondatabase/neon/pull/12345,modelled,"repro/modelled neon_12345: leader pops jobs then is cancelled mid-batch; violation only at the mid-batch boundary"
https://github.com/tokio-rs/tokio/issues/3825,executed,"repro/tokio-3825: reporter's loop loses the notification only when the competitor wins after it arrives (Race::After 5s; 4s timing taken from the report); maintainer's fix clean; ran on tokio 1.53.1"
https://github.com/redis-rs/redis-rs/issues/851,executed,"repro/redis-851: reporter's program on redis-rs 0.23.3 + Redis 8: dropped XREAD BLOCK 0 keeps blocking server-side; baseline hangs; finite block clean"
