url,basis,holder,phase,after,violation,violation_extra,outlives,cancel_source,layer,found_by
https://github.com/MaterializeInc/materialize/pull/12479,double,dropped_future,in_progress,retry,loss,,no,select,app,review
https://github.com/MaterializeInc/materialize/pull/12485,double,shared_object,in_progress,reuse,mismatch,,no,select,app,review
https://github.com/MaterializeInc/materialize/pull/12714,double,dropped_future,not_started,retry,liveness,,no,select,app,review
https://github.com/MaterializeInc/materialize/pull/26190,double,blocking_thread,in_progress,retry,leak,,yes,owner_dropped,app,failure
https://github.com/MaterializeInc/materialize/pull/28816,double,dropped_future,in_progress,retry,loss,,no,select,app,review
https://github.com/MaterializeInc/materialize/pull/28956,double,dropped_future,not_started,retry,liveness,,no,owner_dropped,app,review
https://github.com/MaterializeInc/materialize/pull/29221,double,dropped_future,in_progress,nothing,liveness,,yes,owner_dropped,app,failure
https://github.com/MaterializeInc/materialize/pull/38577,double,dropped_future,in_progress,reuse,panic,invariant,yes,owner_dropped,app,review
https://github.com/cloudflare/pingora/issues/931,double,shared_object,in_progress,others,liveness,,no,owner_dropped,library,review
https://github.com/cloudflare/pingora/issues/932,double,shared_object,in_progress,others,loss,,no,owner_dropped,library,review
https://github.com/cloudflare/pingora/issues/933,double,shared_object,recorded_ahead,retry,loss,,no,owner_dropped,library,review
https://github.com/cloudflare/pingora/issues/934,double,dropped_future,in_progress,retry,panic,invariant,no,timeout,library,review
https://github.com/databendlabs/databend/issues/20015,double,dropped_future,in_progress,retry,loss,,no,owner_dropped,app,review
https://github.com/databendlabs/databend/issues/20020,double,shared_object,recorded_ahead,teardown,invariant,,no,owner_dropped,app,review
https://github.com/databendlabs/databend/issues/20044,double,kernel_or_remote,effect_unrecorded,teardown,invariant,leak,no,select,app,review
https://github.com/databendlabs/databend/pull/17902,double,other_task,in_progress,retry,invariant,,yes,timeout,app,review
https://github.com/denoland/deno/issues/35601,double,blocking_thread,in_progress,retry,loss,,yes,owner_dropped,library,failure
https://github.com/denoland/deno/pull/14317,double,dropped_future,effect_unrecorded,retry,loss,,no,select,app,review
https://github.com/denoland/deno/pull/20316,double,shared_object,in_progress,nothing,panic,,no,owner_dropped,library,failure
https://github.com/hyperium/h2/issues/546,double,runtime,n/a,teardown,liveness,,no,shutdown,library,failure
https://github.com/hyperium/hyper/issues/2113,single,dropped_future,in_progress,others,panic,,no,shutdown,library,failure
https://github.com/hyperium/hyper/issues/3199,double,dropped_future,in_progress,others,collateral_failure,,no,owner_dropped,library,review
https://github.com/hyperium/hyper/issues/3995,double,dropped_future,in_progress,others,loss,,no,shutdown,library,failure
https://github.com/hyperium/hyper/issues/4040,double,other_task,in_progress,others,leak,,yes,timeout,library,review
https://github.com/hyperium/hyper/pull/1584,double,dropped_future,in_progress,nothing,leak,,no,select,library,failure
https://github.com/meilisearch/meilisearch/issues/6508,double,other_task,in_progress,others,collateral_failure,leak,yes,owner_dropped,app,review
https://github.com/meilisearch/meilisearch/issues/6513,double,shared_object,effect_unrecorded,retry,invariant,,no,abort,app,review
https://github.com/n0-computer/iroh/pull/2536,double,runtime,n/a,retry,liveness,,no,select,library,review
https://github.com/n0-computer/iroh/pull/2572,double,dropped_future,in_progress,retry,corruption,,no,select,app,failure
https://github.com/n0-computer/iroh/pull/4460,double,other_task,in_progress,teardown,panic,,no,shutdown,library,failure
https://github.com/neondatabase/neon/issues/10023,double,shared_object,in_progress,others,invariant,,no,owner_dropped,app,review
https://github.com/neondatabase/neon/issues/3478,double,shared_object,in_progress,retry,invariant,,no,owner_dropped,app,failure
https://github.com/neondatabase/neon/issues/6028,double,shared_object,effect_unrecorded,others,invariant,,yes,owner_dropped,app,review
https://github.com/neondatabase/neon/issues/7062,double,other_task,in_progress,teardown,effect_after_close,,yes,select,app,review
https://github.com/neondatabase/neon/pull/12345,double,dropped_future,in_progress,others,collateral_failure,,no,owner_dropped,app,failure
https://github.com/neondatabase/neon/pull/6101,double,kernel_or_remote,in_progress,nothing,memory_safety,,yes,owner_dropped,app,review
https://github.com/neondatabase/neon/pull/7117,double,kernel_or_remote,in_progress,retry,effect_after_close,,yes,owner_dropped,app,review
https://github.com/oxidecomputer/dropshot/issues/914,double,dropped_future,effect_unrecorded,nothing,loss,,yes,owner_dropped,library,failure
https://github.com/oxidecomputer/omicron/issues/3356,double,dropped_future,in_progress,retry,loss,,no,select,app,review
https://github.com/oxidecomputer/omicron/pull/10204,double,blocking_thread,in_progress,teardown,effect_after_close,,yes,abort,app,failure
https://github.com/oxidecomputer/omicron/pull/11263,double,shared_object,in_progress,others,corruption,,no,owner_dropped,app,review
https://github.com/oxidecomputer/omicron/pull/3140,double,shared_object,effect_unrecorded,retry,invariant,,no,owner_dropped,app,failure
https://github.com/oxidecomputer/omicron/pull/3351,single,dropped_future,in_progress,retry,invariant,,no,owner_dropped,app,review
https://github.com/oxidecomputer/omicron/pull/3579,double,shared_object,recorded_ahead,retry,loss,,no,owner_dropped,app,review
https://github.com/oxidecomputer/propolis/issues/650,double,dropped_future,effect_unrecorded,retry,duplication,,no,select,app,failure
https://github.com/paritytech/polkadot-sdk/pull/11013,double,dropped_future,in_progress,retry,loss,,yes,owner_dropped,app,failure
https://github.com/qdrant/qdrant/issues/9532,double,dropped_future,effect_unrecorded,nothing,leak,,no,select,app,review
https://github.com/qdrant/qdrant/issues/9665,double,dropped_future,in_progress,others,loss,,no,select,app,review
https://github.com/qdrant/qdrant/issues/9670,double,dropped_future,in_progress,others,liveness,,no,select,app,review
https://github.com/qdrant/qdrant/issues/9745,double,dropped_future,in_progress,others,loss,,no,timeout,app,review
https://github.com/qdrant/qdrant/pull/10338,double,shared_object,in_progress,others,collateral_failure,leak,yes,timeout,app,review
https://github.com/qdrant/qdrant/pull/3367,double,shared_object,in_progress,others,invariant,,no,owner_dropped,app,review
https://github.com/qdrant/qdrant/pull/7530,double,blocking_thread,in_progress,others,leak,,yes,timeout,app,failure
https://github.com/qdrant/qdrant/pull/7787,double,shared_object,recorded_ahead,retry,loss,,no,abort,app,review
https://github.com/qdrant/qdrant/pull/8680,double,other_task,in_progress,others,liveness,,yes,timeout,app,review
https://github.com/quinn-rs/quinn/pull/1458,double,runtime,n/a,reuse,leak,,no,owner_dropped,library,failure
https://github.com/redis-rs/redis-rs/issues/325,double,shared_object,effect_unrecorded,reuse,mismatch,,yes,timeout,library,failure
https://github.com/redis-rs/redis-rs/issues/851,double,kernel_or_remote,in_progress,retry,liveness,,yes,select,app,failure
https://github.com/redis-rs/redis-rs/pull/597,double,dropped_future,in_progress,retry,liveness,,no,owner_dropped,library,failure
https://github.com/risingwavelabs/risingwave/issues/26172,double,dropped_future,effect_unrecorded,nothing,leak,,yes,abort,app,review
https://github.com/risingwavelabs/risingwave/issues/26176,double,dropped_future,in_progress,teardown,leak,duplication,yes,owner_dropped,app,review
https://github.com/risingwavelabs/risingwave/issues/26179,double,dropped_future,effect_unrecorded,retry,loss,,yes,select,app,review
https://github.com/risingwavelabs/risingwave/issues/26180,double,dropped_future,in_progress,retry,duplication,,yes,select,app,review
https://github.com/risingwavelabs/risingwave/issues/26220,double,other_task,n/a,teardown,panic,,no,shutdown,app,failure
https://github.com/risingwavelabs/risingwave/issues/26409,double,shared_object,in_progress,retry,panic,invariant,no,select,app,failure
https://github.com/risingwavelabs/risingwave/issues/3909,double,shared_object,in_progress,others,liveness,,no,owner_dropped,app,review
https://github.com/risingwavelabs/risingwave/pull/12725,double,dropped_future,in_progress,retry,loss,,no,select,app,review
https://github.com/risingwavelabs/risingwave/pull/22128,double,shared_object,in_progress,reuse,loss,,yes,timeout,app,failure
https://github.com/risingwavelabs/risingwave/pull/25152,single,other_task,in_progress,others,loss,effect_after_close,yes,owner_dropped,app,failure
https://github.com/risingwavelabs/risingwave/pull/6658,double,dropped_future,in_progress,reuse,panic,,no,other,library,failure
https://github.com/risingwavelabs/risingwave/pull/6985,double,shared_object,in_progress,nothing,panic,,no,owner_dropped,app,failure
https://github.com/risingwavelabs/risingwave/pull/8145,double,shared_object,in_progress,retry,invariant,,no,owner_dropped,app,failure
https://github.com/seanmonstar/reqwest/issues/949,double,dropped_future,in_progress,retry,liveness,,no,owner_dropped,app,failure
https://github.com/tokio-rs/tokio/issues/1842,double,runtime,n/a,teardown,panic,,no,owner_dropped,library,failure
https://github.com/tokio-rs/tokio/issues/2318,double,blocking_thread,in_progress,teardown,liveness,,yes,select,app,failure
https://github.com/tokio-rs/tokio/issues/2685,double,kernel_or_remote,in_progress,nothing,leak,,yes,owner_dropped,library,failure
https://github.com/tokio-rs/tokio/issues/3711,double,blocking_thread,in_progress,retry,leak,collateral_failure,yes,timeout,app,failure
https://github.com/tokio-rs/tokio/issues/3825,single,dropped_future,effect_unrecorded,retry,liveness,,no,select,app,failure
https://github.com/tokio-rs/tokio/issues/3929,double,runtime,n/a,nothing,memory_safety,,no,abort,library,review
https://github.com/tokio-rs/tokio/issues/4908,single,shared_object,in_progress,retry,corruption,loss,no,select,app,failure
https://github.com/tokio-rs/tokio/issues/5285,double,dropped_future,in_progress,retry,corruption,panic,no,select,app,failure
https://github.com/tokio-rs/tokio/issues/542,double,runtime,n/a,teardown,leak,liveness,no,shutdown,library,failure
https://github.com/tokio-rs/tokio/issues/5535,double,blocking_thread,in_progress,retry,loss,,yes,timeout,app,failure
https://github.com/tokio-rs/tokio/issues/6369,single,kernel_or_remote,in_progress,teardown,memory_safety,,yes,shutdown,library,failure
https://github.com/tokio-rs/tokio/issues/6493,double,shared_object,in_progress,retry,invariant,,no,select,app,failure
https://github.com/tokio-rs/tokio/issues/6877,double,dropped_future,effect_unrecorded,retry,corruption,,no,select,app,failure
https://github.com/tokio-rs/tokio/issues/7979,double,kernel_or_remote,in_progress,nothing,leak,,yes,owner_dropped,library,review
https://github.com/tokio-rs/tokio/pull/1495,double,blocking_thread,in_progress,nothing,panic,,yes,owner_dropped,library,review
https://github.com/tokio-rs/tokio/pull/2340,double,runtime,n/a,others,memory_safety,,no,owner_dropped,library,review
https://github.com/tokio-rs/tokio/pull/3672,double,runtime,n/a,nothing,panic,,no,abort,library,failure
https://github.com/tokio-rs/tokio/pull/3965,double,runtime,n/a,nothing,leak,,no,abort,library,failure
https://github.com/tokio-rs/tokio/pull/4604,double,dropped_future,n/a,teardown,panic,,no,shutdown,library,failure
https://github.com/tokio-rs/tokio/pull/7436,double,runtime,n/a,teardown,liveness,,no,owner_dropped,library,review
https://github.com/tokio-rs/tokio/pull/8095,double,runtime,n/a,nothing,leak,,no,abort,library,failure
https://github.com/tokio-rs/tokio/pull/8252,double,runtime,n/a,nothing,leak,,no,select,library,review
https://github.com/tokio-rs/tokio/pull/8260,double,runtime,n/a,others,liveness,,no,owner_dropped,library,review
https://github.com/vectordotdev/vector/issues/21657,single,dropped_future,effect_unrecorded,teardown,duplication,,no,select,app,failure
