repo,commit,path,scope_start_line,scope,sampled,sample_rank,raw_site_count,sites,category,reason,evidence_lines,review_status
databend,3a1be1ebf2af8968cfa01297fc4f4d18177ed520,src/common/storage/src/runtime_layer.rs,238,read,no,28,1,248:take:self.inner=>await@251:assign@261,,,,unreviewed
databend,3a1be1ebf2af8968cfa01297fc4f4d18177ed520,src/common/storage/src/runtime_layer.rs,267,write,no,25,1,277:take:self.inner=>await@280:assign@290,,,,unreviewed
databend,3a1be1ebf2af8968cfa01297fc4f4d18177ed520,src/common/storage/src/runtime_layer.rs,294,close,no,22,1,304:take:self.inner=>await@307:assign@317,,,,unreviewed
databend,3a1be1ebf2af8968cfa01297fc4f4d18177ed520,src/common/storage/src/runtime_layer.rs,321,abort,no,35,1,331:take:self.inner=>await@334:assign@344,,,,unreviewed
databend,3a1be1ebf2af8968cfa01297fc4f4d18177ed520,src/common/storage/src/runtime_layer.rs,350,next,no,36,1,360:take:self.inner=>await@363:assign@373,,,,unreviewed
databend,3a1be1ebf2af8968cfa01297fc4f4d18177ed520,src/common/storage/src/runtime_layer.rs,383,flush,yes,1,1,393:take:self.inner=>await@396:assign@406,,,,unreviewed
databend,3a1be1ebf2af8968cfa01297fc4f4d18177ed520,src/meta/api/src/api_impl/sequence_nextval_impl.rs,54,next_val_v0,no,18,1,76:compound_assign:self.sequence_meta.current=>await@85:terminal_commit_after_await,,,,unreviewed
databend,3a1be1ebf2af8968cfa01297fc4f4d18177ed520,src/query/pipeline/src/sinks/async_mpsc_sink.rs,158,async_process,no,34,1,160:assign:self.called_on_start=>await@161:terminal_commit_after_await,,,,unreviewed
databend,3a1be1ebf2af8968cfa01297fc4f4d18177ed520,src/query/pipeline/src/sinks/async_sink.rs,157,async_process,no,27,1,159:assign:self.called_on_start=>await@160:terminal_commit_after_await,,,,unreviewed
databend,3a1be1ebf2af8968cfa01297fc4f4d18177ed520,src/query/pipeline/src/sources/async_source.rs,120,async_process,yes,5,1,123:assign:self.called_on_finish=>await@124:terminal_commit_after_await,,,,unreviewed
databend,3a1be1ebf2af8968cfa01297fc4f4d18177ed520,src/query/pipeline/transforms/src/processors/transforms/sorts/sort_broadcast.rs,150,async_process,no,24,1,151:assign:self.called_on_finish=>await@168:terminal_commit_after_await,,,,unreviewed
databend,3a1be1ebf2af8968cfa01297fc4f4d18177ed520,src/query/pipeline/transforms/src/processors/transforms/transform_accumulating_async.rs,123,async_process,yes,7,2,125:assign:self.called_on_start=>await@126:terminal_commit_after_await; 131:assign:self.output_data=>await@131:assign@138,,,,unreviewed
databend,3a1be1ebf2af8968cfa01297fc4f4d18177ed520,src/query/pipeline/transforms/src/processors/transforms/transform_async.rs,102,async_process,no,30,2,104:assign:self.called_on_start=>await@105:terminal_commit_after_await; 116:assign:self.called_on_finish=>await@117:terminal_commit_after_await,,,,unreviewed
databend,3a1be1ebf2af8968cfa01297fc4f4d18177ed520,src/query/service/src/interpreters/interpreter_copy_into_table.rs,340,infer_schema,no,19,1,432:assign:stage_table_info.schema=>await@506:assign@598,,,,unreviewed
databend,3a1be1ebf2af8968cfa01297fc4f4d18177ed520,src/query/service/src/interpreters/interpreter_report_issue.rs,106,detection_error,yes,3,1,144:assign:report_context.typ=>await@149:assign@156,,,,unreviewed
databend,3a1be1ebf2af8968cfa01297fc4f4d18177ed520,src/query/service/src/pipelines/processors/transforms/hash_join/transform_hash_join_build.rs,288,async_process,no,17,2,292:assign:self.is_spill_happen_checked=>await@319:terminal_commit_after_await; 314:assign:self.is_spilled_partitions_added=>await@319:terminal_commit_after_await,,,,unreviewed
databend,3a1be1ebf2af8968cfa01297fc4f4d18177ed520,src/query/service/src/pipelines/processors/transforms/new_hash_join/runtime_filter.rs,104,globalization,yes,8,1,109:store:self.global_build_side_empty=>await@113:terminal_commit_after_await,,,,unreviewed
databend,3a1be1ebf2af8968cfa01297fc4f4d18177ed520,src/query/service/src/servers/http/middleware/session.rs,325,auth,no,40,1,376:assign:login_history.user_name=>await@380:assign@395,,,,unreviewed
databend,3a1be1ebf2af8968cfa01297fc4f4d18177ed520,src/query/service/src/spillers/block_writer.rs,46,write,no,26,1,59:compound_assign:self.written=>await@60:terminal_commit_after_await,,,,unreviewed
databend,3a1be1ebf2af8968cfa01297fc4f4d18177ed520,src/query/service/src/spillers/block_writer.rs,65,close,no,38,1,77:compound_assign:self.written=>await@78:terminal_commit_after_await,,,,unreviewed
databend,3a1be1ebf2af8968cfa01297fc4f4d18177ed520,src/query/service/src/table_functions/list_stage/list_stage_table.rs,271,generate,yes,6,1,280:assign:self.state=>await@285:assign@291,,,,unreviewed
databend,3a1be1ebf2af8968cfa01297fc4f4d18177ed520,src/query/sql/src/planner/planner_cache.rs,357,async@357,no,13,1,372:assign:self.cache_miss=>await@375:assign@382,,,,unreviewed
databend,3a1be1ebf2af8968cfa01297fc4f4d18177ed520,src/query/storages/fuse/src/operations/analyze/analyze_state_sink.rs,737,async_process,yes,4,1,764:assign:self.step=>await@768:assign@769,,,,unreviewed
databend,3a1be1ebf2af8968cfa01297fc4f4d18177ed520,src/query/storages/fuse/src/operations/analyze/collect_ndv_source.rs,582,async_process,yes,10,6,583:std :: mem :: replace:self.state=>await@593:assign@596; 595:compound_assign:self.unstats_rows=>await@610:terminal_commit_after_await; 596:assign:self.state=>await@610:assign@615; 615:assign:self.state=>await@631:assign@711; 711:assign:self.state=>await@736:assign@752; 716:assign:self.state=>await@736:assign@752,,,,unreviewed
databend,3a1be1ebf2af8968cfa01297fc4f4d18177ed520,src/query/storages/fuse/src/operations/common/processors/sink_commit.rs,558,async_process,no,16,7,559:std :: mem :: replace:self.state=>await@564:assign@588; 588:assign:self.state=>await@615:assign@627; 611:assign:self.state=>await@615:assign@627; 627:assign:self.state=>await@646:assign@808; 808:assign:self.state=>await@824:assign@826; 826:assign:self.state=>await@857:assign@880; 834:assign:self.state=>await@857:assign@880,,,,unreviewed
databend,3a1be1ebf2af8968cfa01297fc4f4d18177ed520,src/query/storages/fuse/src/operations/common/processors/transform_serialize_segment.rs,382,async_process,yes,2,1,383:std :: mem :: replace:self.state=>await@391:assign@399,,,,unreviewed
databend,3a1be1ebf2af8968cfa01297fc4f4d18177ed520,src/query/storages/fuse/src/operations/merge_into/processors/transform_matched_block_mutation.rs,115,async_process,no,31,3,116:std :: mem :: replace:self.state=>await@118:assign@121; 121:assign:self.state=>await@125:assign@126; 126:assign:self.state=>await@139:assign@140,,,,unreviewed
databend,3a1be1ebf2af8968cfa01297fc4f4d18177ed520,src/query/storages/fuse/src/operations/merge_into/processors/transform_matched_mutation_aggregator.rs,109,async_process,no,12,1,110:std :: mem :: replace:self.state=>await@111:assign@114,,,,unreviewed
databend,3a1be1ebf2af8968cfa01297fc4f4d18177ed520,src/query/storages/fuse/src/operations/mutation/mutator/segment_compact_mutator.rs,372,compact_fragments,no,23,1,398:compound_assign:self.compacted_state.num_fragments_compacted=>await@457:terminal_commit_after_await,,,,unreviewed
databend,3a1be1ebf2af8968cfa01297fc4f4d18177ed520,src/query/storages/fuse/src/operations/mutation/processors/mutation_source.rs,347,async_process,no,37,4,348:std :: mem :: replace:self.state=>await@392:assign@401; 354:assign:self.state=>await@392:assign@401; 387:assign:self.state=>await@392:assign@401; 401:assign:self.state=>await@415:assign@423,,,,unreviewed
databend,3a1be1ebf2af8968cfa01297fc4f4d18177ed520,src/query/storages/fuse/src/operations/read/fuse_rows_fetcher.rs,228,async_process,yes,9,1,234:take:self.input_data=>await@248:assign@307,,,,unreviewed
databend,3a1be1ebf2af8968cfa01297fc4f4d18177ed520,src/query/storages/fuse/src/operations/recluster/recluster_table.rs,113,do_recluster,no,39,1,158:assign:carry.scan_cursor=>await@289:assign@474,,,,unreviewed
databend,3a1be1ebf2af8968cfa01297fc4f4d18177ed520,src/query/storages/fuse/src/operations/replace_into/processors/transform_replace_block_mutation.rs,114,async_process,no,11,3,115:std :: mem :: replace:self.state=>await@117:assign@120; 120:assign:self.state=>await@123:assign@124; 124:assign:self.state=>await@137:assign@138,,,,unreviewed
databend,3a1be1ebf2af8968cfa01297fc4f4d18177ed520,src/query/storages/fuse/src/operations/replace_into/processors/transform_replace_into_mutation_aggregator.rs,110,async_process,no,33,1,111:std :: mem :: replace:self.state=>await@113:assign@119,,,,unreviewed
databend,3a1be1ebf2af8968cfa01297fc4f4d18177ed520,src/query/storages/fuse/src/pruning_pipeline/send_part_info_sink.rs,197,consume,no,20,2,215:store:self.send_part_state.incomplete=>await@288:store@292; 225:compound_assign:self.statistics.partitions_scanned=>await@288:terminal_commit_after_await,,,,unreviewed
databend,3a1be1ebf2af8968cfa01297fc4f4d18177ed520,src/query/storages/paimon/src/source.rs,228,async_process,no,29,3,230:assign:self.is_finished=>await@235:assign@237; 235:assign:self.stream=>await@235:assign@252; 237:assign:self.is_finished=>await@243:assign@253,,,,unreviewed
databend,3a1be1ebf2af8968cfa01297fc4f4d18177ed520,src/query/storages/parquet/src/copy_into_table/source.rs,167,async_process,no,32,1,168:std :: mem :: replace:self.state=>await@180:assign@190,,,,unreviewed
databend,3a1be1ebf2af8968cfa01297fc4f4d18177ed520,src/query/storages/parquet/src/parquet_variant_table/source.rs,253,async_process,no,14,2,254:std :: mem :: replace:self.state=>await@276:assign@277; 277:assign:self.state=>await@280:assign@282,,,,unreviewed
databend,3a1be1ebf2af8968cfa01297fc4f4d18177ed520,src/query/storages/parquet/src/source.rs,344,async_process,no,15,4,345:std :: mem :: replace:self.state=>await@351:assign@366; 366:assign:self.state=>await@393:assign@394; 394:assign:self.state=>await@400:assign@402; 402:assign:self.state=>await@410:assign@412,,,,unreviewed
databend,3a1be1ebf2af8968cfa01297fc4f4d18177ed520,src/query/storages/stream/src/stream_backlog_table_func.rs,173,generate,no,21,1,178:assign:self.finish=>await@180:terminal_commit_after_await,,,,unreviewed
greptimedb,c7fa48ef95bc5da1f245d9e292ee53b28a4f2136,src/cli/src/data/import_v2/coordinator.rs,997,import_task,no,42,1,998:fetch_add:self.in_flight=>await@1001:fetch_sub@1003,,,,unreviewed
greptimedb,c7fa48ef95bc5da1f245d9e292ee53b28a4f2136,src/common/base/src/range_read.rs,240,read,yes,2,1,245:store:self.position=>await@258:store@259,,,,unreviewed
greptimedb,c7fa48ef95bc5da1f245d9e292ee53b28a4f2136,src/common/datasource/src/parquet_writer.rs,105,write,yes,4,1,113:take:self.encoder=>await@123:assign@149,,,,unreviewed
greptimedb,c7fa48ef95bc5da1f245d9e292ee53b28a4f2136,src/common/datasource/src/parquet_writer.rs,427,write,no,43,1,429:assign:self.paused=>await@431:terminal_commit_after_await,,,,unreviewed
greptimedb,c7fa48ef95bc5da1f245d9e292ee53b28a4f2136,src/common/datasource/src/parquet_writer.rs,435,close,no,23,1,436:store:self.closed=>await@437:terminal_commit_after_await,,,,unreviewed
greptimedb,c7fa48ef95bc5da1f245d9e292ee53b28a4f2136,src/common/meta/src/ddl/purge_dropped_table.rs,134,on_drop_regions,no,36,1,149:assign:self.data.purging_claimed=>await@152:assign@166,,,,unreviewed
greptimedb,c7fa48ef95bc5da1f245d9e292ee53b28a4f2136,src/common/meta/src/ddl/undrop_table.rs,128,on_restore_metadata,no,15,1,138:assign:self.data.state=>await@141:assign@172,,,,unreviewed
greptimedb,c7fa48ef95bc5da1f245d9e292ee53b28a4f2136,src/common/meta/src/ddl/undrop_table.rs,324,on_open_regions,no,29,1,328:assign:self.data.state=>await@332:assign@341,,,,unreviewed
greptimedb,c7fa48ef95bc5da1f245d9e292ee53b28a4f2136,src/common/meta/src/sequence.rs,166,next,no,31,2,172:compound_assign:self.next=>await@179:assign@180; 176:assign:self.range=>await@179:assign@181,,,,unreviewed
greptimedb,c7fa48ef95bc5da1f245d9e292ee53b28a4f2136,src/datanode/src/alive_keeper.rs,187,start,no,22,1,191:store:self.started=>await@200:terminal_commit_after_await,,,,unreviewed
greptimedb,c7fa48ef95bc5da1f245d9e292ee53b28a4f2136,src/flow/src/batching_mode/frontend_client.rs,474,query_with_terminal_metrics,no,26,1,494:assign:peer_desc=>await@497:assign@512,,,,unreviewed
greptimedb,c7fa48ef95bc5da1f245d9e292ee53b28a4f2136,src/flow/src/batching_mode/task/test.rs,76,execute_once,no,40,1,85:fetch_add:self.active=>await@91:fetch_sub@92,,,,unreviewed
greptimedb,c7fa48ef95bc5da1f245d9e292ee53b28a4f2136,src/flow/src/server.rs,179,start,no,54,1,194:assign:self.consistent_check_task_started=>await@196:terminal_commit_after_await,,,,unreviewed
greptimedb,c7fa48ef95bc5da1f245d9e292ee53b28a4f2136,src/frontend/src/instance/otlp/trace_ingest.rs,1081,ingest_trace_chunk,yes,9,1,1116:compound_assign:ingest_state.outcome.rejected_spans=>await@1147:terminal_commit_after_await,,,,unreviewed
greptimedb,c7fa48ef95bc5da1f245d9e292ee53b28a4f2136,src/frontend/src/instance/otlp/trace_ingest.rs,1242,ingest_trace_v1_chunk,no,57,1,1290:compound_assign:ingest_state.outcome.rejected_spans=>await@1323:terminal_commit_after_await,,,,unreviewed
greptimedb,c7fa48ef95bc5da1f245d9e292ee53b28a4f2136,src/frontend/src/instance/otlp/trace_ingest.rs,1353,ingest_trace_v1_rows_span_by_span,no,56,1,1387:compound_assign:ingest_state.outcome.rejected_spans=>await@1406:terminal_commit_after_await,,,,unreviewed
greptimedb,c7fa48ef95bc5da1f245d9e292ee53b28a4f2136,src/index/src/bloom_filter/creator.rs,107,push_n_row_elems,yes,7,3,126:compound_assign:self.accumulated_row_count=>await@144:terminal_commit_after_await; 136:compound_assign:self.cur_seg_distinct_elems_mem_usage=>await@144:terminal_commit_after_await; 137:fetch_add:self.global_memory_usage=>await@144:terminal_commit_after_await,,,,unreviewed
greptimedb,c7fa48ef95bc5da1f245d9e292ee53b28a4f2136,src/index/src/bloom_filter/creator.rs,154,push_n_row_elem,no,25,3,160:compound_assign:self.accumulated_row_count=>await@178:terminal_commit_after_await; 169:compound_assign:self.cur_seg_distinct_elems_mem_usage=>await@178:terminal_commit_after_await; 170:fetch_add:self.global_memory_usage=>await@178:terminal_commit_after_await,,,,unreviewed
greptimedb,c7fa48ef95bc5da1f245d9e292ee53b28a4f2136,src/index/src/bloom_filter/creator.rs,187,push_row_elems,no,46,3,188:compound_assign:self.accumulated_row_count=>await@206:terminal_commit_after_await; 198:compound_assign:self.cur_seg_distinct_elems_mem_usage=>await@206:terminal_commit_after_await; 199:fetch_add:self.global_memory_usage=>await@206:terminal_commit_after_await,,,,unreviewed
greptimedb,c7fa48ef95bc5da1f245d9e292ee53b28a4f2136,src/index/src/bloom_filter/creator/finalize_segment.rs,99,add,no,51,2,122:compound_assign:self.memory_usage=>await@143:assign@147; 123:fetch_add:self.global_memory_usage=>await@143:fetch_sub@145,,,,unreviewed
greptimedb,c7fa48ef95bc5da1f245d9e292ee53b28a4f2136,src/index/src/bloom_filter/creator/finalize_segment.rs,189,flush_in_memory_to_disk,no,21,2,191:compound_assign:self.intermediate_file_id_counter=>await@195:terminal_commit_after_await; 192:compound_assign:self.flushed_seg_count=>await@195:terminal_commit_after_await,,,,unreviewed
greptimedb,c7fa48ef95bc5da1f245d9e292ee53b28a4f2136,src/index/src/inverted_index/create/sort/external_sort.rs,214,may_dump_buffer,no,45,3,215:compound_assign:self.current_memory_usage=>await@238:assign@247; 217:fetch_add:self.global_memory_usage=>await@238:fetch_sub@245; 245:fetch_sub:self.global_memory_usage=>await@250:terminal_commit_after_await,,,,unreviewed
greptimedb,c7fa48ef95bc5da1f245d9e292ee53b28a4f2136,src/index/src/vector/create.rs,243,finish,no,53,1,255:assign:self.finished=>await@259:terminal_commit_after_await,,,,unreviewed
greptimedb,c7fa48ef95bc5da1f245d9e292ee53b28a4f2136,src/log-store/src/object_store_wal/store.rs,204,stop,no,39,1,205:store:self.stopped=>await@207:terminal_commit_after_await,,,,unreviewed
greptimedb,c7fa48ef95bc5da1f245d9e292ee53b28a4f2136,src/log-store/src/object_store_wal/store.rs,1712,get,no,50,1,1713:fetch_add:self.in_flight=>await@1717:fetch_sub@1718,,,,unreviewed
greptimedb,c7fa48ef95bc5da1f245d9e292ee53b28a4f2136,src/meta-srv/src/gc/procedure.rs,959,execute,no,34,2,975:assign:self.data.state=>await@987:assign@1007; 1007:assign:self.data.state=>await@1033:assign@1047,,,,unreviewed
greptimedb,c7fa48ef95bc5da1f245d9e292ee53b28a4f2136,src/meta-srv/src/procedure/wal_prune.rs,126,on_prune,yes,8,1,127:assign:self.observed_latest_offset=>await@128:assign@131,,,,unreviewed
greptimedb,c7fa48ef95bc5da1f245d9e292ee53b28a4f2136,src/mito2/src/cache.rs,150,acquire,no,41,1,165:fetch_add:self.waited_acquires=>await@169:terminal_commit_after_await,,,,unreviewed
greptimedb,c7fa48ef95bc5da1f245d9e292ee53b28a4f2136,src/mito2/src/cache.rs,1077,get_sst_meta_data,no,11,1,1094:compound_assign:metrics.mem_cache_hit=>await@1101:terminal_commit_after_await,,,,unreviewed
greptimedb,c7fa48ef95bc5da1f245d9e292ee53b28a4f2136,src/mito2/src/cache/write_cache.rs,241,write_and_upload_sst,no,17,2,333:compound_assign:metrics.upload_parquet=>await@342:terminal_commit_after_await; 357:compound_assign:metrics.upload_puffin=>await@364:terminal_commit_after_await,,,,unreviewed
greptimedb,c7fa48ef95bc5da1f245d9e292ee53b28a4f2136,src/mito2/src/read/pruner.rs,445,get_file_builder,yes,1,2,456:compound_assign:reader_metrics.filter_metrics.pruner_cache_hit=>await@475:terminal_commit_after_await; 461:compound_assign:reader_metrics.filter_metrics.pruner_cache_miss=>await@475:terminal_commit_after_await,,,,unreviewed
greptimedb,c7fa48ef95bc5da1f245d9e292ee53b28a4f2136,src/mito2/src/region/catchup.rs,141,local_wal_catchup,no,52,1,145:store:self.wal=>await@164:terminal_commit_after_await,,,,unreviewed
greptimedb,c7fa48ef95bc5da1f245d9e292ee53b28a4f2136,src/mito2/src/region/opener.rs,332,create_or_open,no,30,1,399:store:wal=>await@401:terminal_commit_after_await,,,,unreviewed
greptimedb,c7fa48ef95bc5da1f245d9e292ee53b28a4f2136,src/mito2/src/region_write_ctx.rs,347,write_bulk,no,14,1,368:assign:self.bulk_notifiers[].err=>await@383:assign@387,,,,unreviewed
greptimedb,c7fa48ef95bc5da1f245d9e292ee53b28a4f2136,src/mito2/src/series_index/writer.rs,189,write,no,44,2,197:compound_assign:self.metrics.input_batches=>await@201:terminal_commit_after_await; 198:compound_assign:self.metrics.input_rows=>await@201:terminal_commit_after_await,,,,unreviewed
greptimedb,c7fa48ef95bc5da1f245d9e292ee53b28a4f2136,src/mito2/src/series_index/writer.rs,392,finish_current_row,no,19,1,396:compound_assign:self.metrics.num_series=>await@399:terminal_commit_after_await,,,,unreviewed
greptimedb,c7fa48ef95bc5da1f245d9e292ee53b28a4f2136,src/mito2/src/series_index/writer.rs,417,finish_inner,no,33,1,423:compound_assign:self.metrics.aggregate_elapsed=>await@426:terminal_commit_after_await,,,,unreviewed
greptimedb,c7fa48ef95bc5da1f245d9e292ee53b28a4f2136,src/mito2/src/sst/parquet/reader.rs,462,build_reader_input_inner,yes,6,1,588:compound_assign:metrics.build_cost=>await@622:terminal_commit_after_await,,,,unreviewed
greptimedb,c7fa48ef95bc5da1f245d9e292ee53b28a4f2136,src/mito2/src/sst/parquet/reader.rs,2476,next_record_batch,yes,5,1,2482:assign:self.reader=>await@2491:assign@2500,,,,unreviewed
greptimedb,c7fa48ef95bc5da1f245d9e292ee53b28a4f2136,src/mito2/src/sst/parquet/writer.rs,414,write_all_flat_inner,no,13,1,433:compound_assign:self.metrics.iter_source=>await@436:terminal_commit_after_await,,,,unreviewed
greptimedb,c7fa48ef95bc5da1f245d9e292ee53b28a4f2136,src/mito2/src/sst/range_index/writer.rs,182,write,no,48,2,190:compound_assign:self.metrics.input_batches=>await@194:terminal_commit_after_await; 191:compound_assign:self.metrics.input_rows=>await@194:terminal_commit_after_await,,,,unreviewed
greptimedb,c7fa48ef95bc5da1f245d9e292ee53b28a4f2136,src/mito2/src/sst/range_index/writer.rs,287,enter_row_group,no,38,1,297:assign:self.current_row_group_id=>await@311:assign@312,,,,unreviewed
greptimedb,c7fa48ef95bc5da1f245d9e292ee53b28a4f2136,src/mito2/src/sst/range_index/writer.rs,416,finish_current_row,no,24,1,419:compound_assign:self.metrics.num_ranges=>await@422:terminal_commit_after_await,,,,unreviewed
greptimedb,c7fa48ef95bc5da1f245d9e292ee53b28a4f2136,src/mito2/src/sst/range_index/writer.rs,440,finish_inner,no,35,1,446:compound_assign:self.metrics.aggregate_elapsed=>await@449:terminal_commit_after_await,,,,unreviewed
greptimedb,c7fa48ef95bc5da1f245d9e292ee53b28a4f2136,src/mito2/src/worker.rs,1008,run,yes,3,1,1014:compound_assign:self.last_periodical_check_millis=>await@1086:terminal_commit_after_await,,,,unreviewed
greptimedb,c7fa48ef95bc5da1f245d9e292ee53b28a4f2136,src/object-store/src/secure_fs.rs,471,next,no,16,3,505:assign:self.done=>await@532:assign@543; 517:assign:self.entries=>await@532:assign@542; 528:assign:self.done=>await@532:assign@543,,,,unreviewed
greptimedb,c7fa48ef95bc5da1f245d9e292ee53b28a4f2136,src/operator/src/statement/export_logical_tables.rs,362,write_tables,yes,10,1,432:assign:active=>await@432:assign@473,,,,unreviewed
greptimedb,c7fa48ef95bc5da1f245d9e292ee53b28a4f2136,src/operator/src/statement/export_logical_tables/tests.rs,410,write,no,37,1,411:take:self.inner=>await@415:assign@423,,,,unreviewed
greptimedb,c7fa48ef95bc5da1f245d9e292ee53b28a4f2136,src/operator/src/statement/import_packed.rs,286,admit,no,47,2,303:compound_assign:self.rows=>await@308:terminal_commit_after_await; 304:compound_assign:self.cost=>await@308:terminal_commit_after_await,,,,unreviewed
greptimedb,c7fa48ef95bc5da1f245d9e292ee53b28a4f2136,src/query/src/dist_plan/merge_scan.rs,2473,handle_remote_dyn_filter_update,no,18,1,2480:fetch_add:self.update_calls=>await@2487:terminal_commit_after_await,,,,unreviewed
greptimedb,c7fa48ef95bc5da1f245d9e292ee53b28a4f2136,src/query/src/promql/planner.rs,545,prom_subquery_expr_to_plan,no,28,2,556:assign:self.ctx.interval=>await@560:assign@561; 559:compound_assign:self.ctx.start=>await@560:assign@562,,,,unreviewed
greptimedb,c7fa48ef95bc5da1f245d9e292ee53b28a4f2136,src/query/src/promql/planner.rs,1300,prom_binary_expr_to_plan,no,55,3,1345:assign:self.ctx.field_columns=>await@1371:assign@1630; 1420:assign:binary_expr=>await@1440:assign@1487; 1487:assign:binary_expr=>await@1507:assign@1764,,,,unreviewed
greptimedb,c7fa48ef95bc5da1f245d9e292ee53b28a4f2136,src/servers/src/batcher/logical_table/region_write.rs,532,handle,no,27,1,533:fetch_add:self.inflight=>await@548:fetch_sub@549,,,,unreviewed
greptimedb,c7fa48ef95bc5da1f245d9e292ee53b28a4f2136,src/servers/src/grpc/flight/stream.rs,214,run,no,20,12,223:compound_assign:metrics.fetch_content_duration=>await@234:terminal_commit_after_await; 242:compound_assign:metrics.total_rows=>await@253:terminal_commit_after_await; 243:compound_assign:metrics.record_batch_count=>await@253:terminal_commit_after_await; 244:compound_assign:metrics.total_bytes=>await@253:terminal_commit_after_await; 262:compound_assign:metrics.send_record_batch_duration=>await@278:terminal_commit_after_await; 263:assign:self.sent_first_batch=>await@278:terminal_commit_after_await; 279:compound_assign:metrics.fetch_content_duration=>await@323:terminal_commit_after_await; 286:compound_assign:metrics.total_rows=>await@323:terminal_commit_after_await; 287:compound_assign:metrics.record_batch_count=>await@323:terminal_commit_after_await; 288:compound_assign:metrics.total_bytes=>await@323:terminal_commit_after_await; 332:compound_assign:metrics.send_record_batch_duration=>await@341:terminal_commit_after_await; 350:compound_assign:metrics.send_record_batch_duration=>await@357:terminal_commit_after_await,,,,unreviewed
greptimedb,c7fa48ef95bc5da1f245d9e292ee53b28a4f2136,src/servers/src/grpc/flight/stream.rs,381,send_metrics,no,49,1,386:compound_assign:metrics.metrics_count=>await@388:terminal_commit_after_await,,,,unreviewed
greptimedb,c7fa48ef95bc5da1f245d9e292ee53b28a4f2136,src/servers/src/grpc/flight/stream.rs,544,verbose_metrics_stream,no,12,6,575:compound_assign:metrics.fetch_content_duration=>await@580:terminal_commit_after_await; 582:compound_assign:metrics.fetch_content_duration=>await@592:terminal_commit_after_await; 588:compound_assign:metrics.total_rows=>await@592:terminal_commit_after_await; 589:compound_assign:metrics.record_batch_count=>await@592:terminal_commit_after_await; 590:compound_assign:metrics.total_bytes=>await@592:terminal_commit_after_await; 601:compound_assign:metrics.send_record_batch_duration=>await@607:terminal_commit_after_await,,,,unreviewed
greptimedb,c7fa48ef95bc5da1f245d9e292ee53b28a4f2136,tests-fuzz/src/utils/process.rs,190,start,no,32,1,191:store:self.running=>await@197:terminal_commit_after_await,,,,unreviewed
materialize,36a9d421672f86e1485f848823a6be3ca2529140,src/adapter/src/webhook.rs,266,append,no,15,1,272:fetch_add:self.stats.updates_staged=>await@276:terminal_commit_after_await,,,,unreviewed
materialize,36a9d421672f86e1485f848823a6be3ca2529140,src/catalog/src/durable/persist.rs,545,sync_inner,no,17,1,551:assign:self.upper=>await@562:assign@567,,,,unreviewed
materialize,36a9d421672f86e1485f848823a6be3ca2529140,src/catalog/src/durable/persist.rs,1953,advance_upper,no,23,1,1965:assign:self.upper=>await@1977:assign@1979,,,,unreviewed
materialize,36a9d421672f86e1485f848823a6be3ca2529140,src/interchange/src/avro/schema.rs,654,resolve,no,12,2,667:assign:bytes=>await@680:assign@699; 679:assign:bytes=>await@680:assign@699,,,,unreviewed
materialize,36a9d421672f86e1485f848823a6be3ca2529140,src/persist-cli/src/maelstrom/txn_list_append_single.rs,198,transact,no,16,1,222:assign:self.read_ts=>await@223:assign@232,,,,unreviewed
materialize,36a9d421672f86e1485f848823a6be3ca2529140,src/persist-cli/src/maelstrom/txn_list_append_single.rs,239,read_short_lived,yes,6,2,283:assign:self.read_ts=>await@287:assign@310; 310:assign:self.read_ts=>await@315:assign@337,,,,unreviewed
materialize,36a9d421672f86e1485f848823a6be3ca2529140,src/persist-client/src/batch.rs,1028,write,yes,4,1,1037:compound_assign:self.next_index=>await@1130:terminal_commit_after_await,,,,unreviewed
materialize,36a9d421672f86e1485f848823a6be3ca2529140,src/persist-client/src/rpc.rs,287,reconnect_to_server_forever,yes,9,1,304:set:metrics.pubsub_client.grpc_connection.connected=>await@307:set@356,,,,unreviewed
materialize,36a9d421672f86e1485f848823a6be3ca2529140,src/persist-client/src/write.rs,465,append_batch,no,22,1,480:assign:self.upper=>await@488:assign@501,,,,unreviewed
materialize,36a9d421672f86e1485f848823a6be3ca2529140,src/persist/src/turmoil.rs,161,async@161,no,21,1,162:pop:self.connections=>await@165:push@171,,,,unreviewed
materialize,36a9d421672f86e1485f848823a6be3ca2529140,src/persist/src/turmoil.rs,363,async@363,no,14,1,364:pop:self.connections=>await@367:push@373,,,,unreviewed
materialize,36a9d421672f86e1485f848823a6be3ca2529140,src/pgwire/src/protocol.rs,901,advance_ready,yes,10,1,1037:assign:self.txn_needs_commit=>await@1042:terminal_commit_after_await,,,,unreviewed
materialize,36a9d421672f86e1485f848823a6be3ca2529140,src/rocksdb/src/lib.rs,436,multi_get_inner,yes,5,2,455:assign:self.multi_get_scratch=>await@465:assign@480; 456:assign:self.multi_get_results_scratch=>await@465:assign@481,,,,unreviewed
materialize,36a9d421672f86e1485f848823a6be3ca2529140,src/rocksdb/src/lib.rs,521,multi_update_inner,yes,2,1,530:assign:self.multi_update_scratch=>await@539:assign@550,,,,unreviewed
materialize,36a9d421672f86e1485f848823a6be3ca2529140,src/sqllogictest/src/runner.rs,1521,run_user,no,20,1,1532:assign:self.active_user=>await@1537:assign@1565,,,,unreviewed
materialize,36a9d421672f86e1485f848823a6be3ca2529140,src/sqllogictest/src/runner.rs,1771,prepare_query,yes,7,2,1826:assign:in_transaction=>await@1831:assign@1832; 1832:assign:in_transaction=>await@1843:assign@1844,,,,unreviewed
materialize,36a9d421672f86e1485f848823a6be3ca2529140,src/storage-client/src/storage_collections.rs,2965,downgrade_sinces,no,13,1,2971:remove:self.since_handles=>await@3002:insert@3012,,,,unreviewed
materialize,36a9d421672f86e1485f848823a6be3ca2529140,src/storage-controller/src/collection_mgmt.rs,877,write_to_persist,yes,1,1,934:assign:self.current_upper=>await@960:assign@975,,,,unreviewed
materialize,36a9d421672f86e1485f848823a6be3ca2529140,src/storage-controller/src/persist_handles.rs,389,drop_handles,no,11,1,401:remove:self.write_handles=>await@408:insert@420,,,,unreviewed
materialize,36a9d421672f86e1485f848823a6be3ca2529140,src/storage-operators/src/s3_oneshot_sink/parquet.rs,226,start_new_file,no,19,1,227:take:self.active_file=>await@228:assign@252,,,,unreviewed
materialize,36a9d421672f86e1485f848823a6be3ca2529140,src/storage-operators/src/s3_oneshot_sink/pgcopy.rs,137,start_new_file_upload,no,18,1,147:take:self.sdk_config=>await@167:assign@168,,,,unreviewed
materialize,36a9d421672f86e1485f848823a6be3ca2529140,src/storage/src/decode.rs,279,next,yes,3,1,288:assign:bytes=>await@294:assign@298,,,,unreviewed
materialize,36a9d421672f86e1485f848823a6be3ca2529140,src/storage/src/sink/iceberg.rs,1668,async@1668,yes,8,1,1860:set:metrics.stashed_rows=>await@1953:set@1966,,,,unreviewed
neon,fa504217c61bbcaf5c512d75830564541f917f8f,control_plane/src/storage_controller.rs,348,start,no,13,1,381:set:self.listen_port=>await@386:terminal_commit_after_await,,,,unreviewed
neon,fa504217c61bbcaf5c512d75830564541f917f8f,libs/postgres_backend/src/lib.rs,528,start_tls,no,16,1,530:std :: mem :: replace:self.framed=>await@537:assign@541,,,,unreviewed
neon,fa504217c61bbcaf5c512d75830564541f917f8f,libs/postgres_backend/src/lib.rs,593,handshake,no,22,1,604:assign:self.state=>await@614:assign@632,,,,unreviewed
neon,fa504217c61bbcaf5c512d75830564541f917f8f,libs/postgres_backend/src/lib.rs,661,process_startup_message,no,34,2,683:assign:self.state=>await@688:assign@713; 713:assign:self.state=>await@716:assign@718,,,,unreviewed
neon,fa504217c61bbcaf5c512d75830564541f917f8f,libs/proxy/postgres-protocol2/src/authentication/sasl.rs,209,update,yes,3,1,211:mem :: replace:self.state=>await@236:assign@284,,,,unreviewed
neon,fa504217c61bbcaf5c512d75830564541f917f8f,libs/utils/src/sync/gate.rs,145,close,no,36,1,166:store:self.inner.closing=>await@168:terminal_commit_after_await,,,,unreviewed
neon,fa504217c61bbcaf5c512d75830564541f917f8f,pageserver/client_grpc/src/pool.rs,539,send,no,18,1,552:assign:self.can_reuse=>await@562:assign@576,,,,unreviewed
neon,fa504217c61bbcaf5c512d75830564541f917f8f,pageserver/compaction/src/compact_tiered.rs,297,execute_job,no,19,2,318:assign:self.jobs[].completed=>await@326:assign@340; 332:assign:self.next_level=>await@337:terminal_commit_after_await,,,,unreviewed
neon,fa504217c61bbcaf5c512d75830564541f917f8f,pageserver/src/basebackup.rs,254,add_block,no,26,1,280:assign:self.current_segment=>await@289:assign@291,,,,unreviewed
neon,fa504217c61bbcaf5c512d75830564541f917f8f,pageserver/src/basebackup.rs,335,send_tarball,no,32,1,464:store:self.timeline.db_rel_count=>await@469:terminal_commit_after_await,,,,unreviewed
neon,fa504217c61bbcaf5c512d75830564541f917f8f,pageserver/src/basebackup_cache.rs,348,on_startup,no,25,2,377:compound_assign:self.entry_count=>await@400:terminal_commit_after_await; 380:compound_assign:self.total_size_bytes=>await@400:terminal_commit_after_await,,,,unreviewed
neon,fa504217c61bbcaf5c512d75830564541f917f8f,pageserver/src/deletion_queue.rs,1128,consume,no,23,1,1151:fetch_add:self.executed=>await@1171:fetch_add@1179,,,,unreviewed
neon,fa504217c61bbcaf5c512d75830564541f917f8f,pageserver/src/deletion_queue/list_writer.rs,199,recover,no,28,1,211:assign:self.pending.sequence=>await@214:assign@271,,,,unreviewed
neon,fa504217c61bbcaf5c512d75830564541f917f8f,pageserver/src/deletion_queue/list_writer.rs,347,background,no,11,1,468:assign:self.recovered=>await@474:terminal_commit_after_await,,,,unreviewed
neon,fa504217c61bbcaf5c512d75830564541f917f8f,pageserver/src/deletion_queue/validator.rs,350,background,no,37,1,382:compound_assign:self.pending_key_count=>await@387:terminal_commit_after_await,,,,unreviewed
neon,fa504217c61bbcaf5c512d75830564541f917f8f,pageserver/src/page_service.rs,1794,handle_pagerequests,no,35,1,1834:take:self.timeline_handles=>await@1866:replace@1903,,,,unreviewed
neon,fa504217c61bbcaf5c512d75830564541f917f8f,pageserver/src/tenant/blob_io.rs,310,write_blob_maybe_compressed,no,12,1,327:take:self.io_buf=>await@330:assign@385,,,,unreviewed
neon,fa504217c61bbcaf5c512d75830564541f917f8f,pageserver/src/tenant/disk_btree.rs,981,lots_of_keys,yes,7,2,1056:store:limit=>await@1058:store@1069; 1069:store:limit=>await@1071:terminal_commit_after_await,,,,unreviewed
neon,fa504217c61bbcaf5c512d75830564541f917f8f,pageserver/src/tenant/remote_timeline_client.rs,2100,perform_upload_task,yes,1,1,2312:fetch_add:task.retries=>await@2332:terminal_commit_after_await,,,,unreviewed
neon,fa504217c61bbcaf5c512d75830564541f917f8f,pageserver/src/tenant/storage_layer/batch_split_writer.rs,355,put_value,no,38,1,369:assign:self.inner=>await@371:replace@405,,,,unreviewed
neon,fa504217c61bbcaf5c512d75830564541f917f8f,pageserver/src/tenant/storage_layer/delta_layer.rs,1562,next_batch,no,29,1,1579:assign:self.is_end=>await@1592:terminal_commit_after_await,,,,unreviewed
neon,fa504217c61bbcaf5c512d75830564541f917f8f,pageserver/src/tenant/storage_layer/image_layer.rs,840,put_image,yes,2,2,855:compound_assign:self.uncompressed_bytes=>await@857:terminal_commit_after_await; 856:compound_assign:self.num_keys=>await@857:terminal_commit_after_await,,,,unreviewed
neon,fa504217c61bbcaf5c512d75830564541f917f8f,pageserver/src/tenant/storage_layer/image_layer.rs,892,put_image_raw,no,14,1,902:compound_assign:self.num_keys=>await@904:terminal_commit_after_await,,,,unreviewed
neon,fa504217c61bbcaf5c512d75830564541f917f8f,pageserver/src/tenant/storage_layer/image_layer.rs,1165,next_batch,yes,9,1,1181:assign:self.is_end=>await@1194:terminal_commit_after_await,,,,unreviewed
neon,fa504217c61bbcaf5c512d75830564541f917f8f,pageserver/src/tenant/throttle.rs,113,throttle,yes,4,1,120:fetch_add:self.count_accounted_start=>await@121:terminal_commit_after_await,,,,unreviewed
neon,fa504217c61bbcaf5c512d75830564541f917f8f,pageserver/src/tenant/timeline/compaction.rs,1206,compact_legacy,no,24,1,1406:store:self.last_image_layer_creation_status=>await@1464:terminal_commit_after_await,,,,unreviewed
neon,fa504217c61bbcaf5c512d75830564541f917f8f,pageserver/src/tenant/timeline/compaction.rs,3236,compact_with_gc_inner,no,15,1,3780:assign:last_key=>await@3797:assign@3825,,,,unreviewed
neon,fa504217c61bbcaf5c512d75830564541f917f8f,pageserver/src/tenant/timeline/uninit.rs,55,write,no,21,1,63:assign:self.needs_shutdown=>await@71:terminal_commit_after_await,,,,unreviewed
neon,fa504217c61bbcaf5c512d75830564541f917f8f,pageserver/src/virtual_file.rs,344,find_victim_slot,no,33,1,354:fetch_add:self.next=>await@376:terminal_commit_after_await,,,,unreviewed
neon,fa504217c61bbcaf5c512d75830564541f917f8f,pageserver/src/virtual_file/owned_buffers_io/write.rs,303,flush,yes,8,3,307:take:self.mutable=>await@322:assign@329; 310:assign:self.mutable=>await@322:assign@329; 318:compound_assign:self.bytes_submitted=>await@322:terminal_commit_after_await,,,,unreviewed
neon,fa504217c61bbcaf5c512d75830564541f917f8f,pageserver/src/walingest.rs,234,ingest_record,no,20,1,255:assign:self.checkpoint_modified=>await@263:assign@371,,,,unreviewed
neon,fa504217c61bbcaf5c512d75830564541f917f8f,pageserver/src/walredo.rs,307,shutdown,no,31,1,322:set:self.redo_process=>await@331:terminal_commit_after_await,,,,unreviewed
neon,fa504217c61bbcaf5c512d75830564541f917f8f,proxy/src/redis/connection_with_credentials_provider.rs,109,connect,no,17,2,124:assign:self.con=>await@128:assign@152; 125:take:self.refresh_token_task=>await@128:assign@142,,,,unreviewed
neon,fa504217c61bbcaf5c512d75830564541f917f8f,safekeeper/src/send_wal.rs,882,wait_wal,no,27,1,884:assign:self.end_pos=>await@900:assign@901,,,,unreviewed
neon,fa504217c61bbcaf5c512d75830564541f917f8f,safekeeper/src/wal_storage.rs,324,write_in_segment,yes,6,1,325:take:self.file=>await@328:assign@351,,,,unreviewed
neon,fa504217c61bbcaf5c512d75830564541f917f8f,safekeeper/src/wal_storage.rs,495,flush_wal,no,30,1,501:take:self.file=>await@502:assign@507,,,,unreviewed
neon,fa504217c61bbcaf5c512d75830564541f917f8f,safekeeper/src/wal_storage.rs,526,truncate_wal,yes,5,1,563:assign:self.pending_wal_truncation=>await@572:assign@595,,,,unreviewed
neon,fa504217c61bbcaf5c512d75830564541f917f8f,safekeeper/src/wal_storage.rs,727,read,yes,10,2,767:compound_assign:self.pos=>await@781:terminal_commit_after_await; 779:take:self.wal_segment=>await@781:assign@797,,,,unreviewed
pingora,4487f7b2ab50f159e4a2cf4f6a6b813f61bb6e19,pingora-cache/src/lock.rs,535,wait_inner,yes,3,1,551:store:self.0.lock_status=>await@564:terminal_commit_after_await,,,,unreviewed
pingora,4487f7b2ab50f159e4a2cf4f6a6b813f61bb6e19,pingora-core/src/connectors/http/v2.rs,166,spawn_stream,yes,2,2,169:fetch_add:self.0.current_streams=>await@176:fetch_sub@180; 172:fetch_sub:self.0.current_streams=>await@176:fetch_sub@180,,,,unreviewed
pingora,4487f7b2ab50f159e4a2cf4f6a6b813f61bb6e19,pingora-core/src/protocols/http/subrequest/server.rs,853,write_proxy_tasks,no,12,1,1010:assign:self.upgraded=>await@1061:terminal_commit_after_await,,,,unreviewed
pingora,4487f7b2ab50f159e4a2cf4f6a6b813f61bb6e19,pingora-core/src/protocols/http/subrequest/server.rs,1069,finish_proxy_task,yes,6,3,1075:assign:self.proxy_task_state.finish_in_progress=>await@1094:assign@1095; 1082:assign:self.proxy_task_state.finish_in_progress=>await@1094:assign@1095; 1093:assign:self.proxy_task_state.finish_in_progress=>await@1094:assign@1095,,,,unreviewed
pingora,4487f7b2ab50f159e4a2cf4f6a6b813f61bb6e19,pingora-core/src/protocols/http/v1/body.rs,487,do_read_chunked_body,yes,4,1,535:assign:self.body_state=>await@538:assign@544,,,,unreviewed
pingora,4487f7b2ab50f159e4a2cf4f6a6b813f61bb6e19,pingora-core/src/protocols/http/v1/body.rs,810,do_read_chunked_body_final,no,11,1,826:assign:self.body_state=>await@833:assign@840,,,,unreviewed
pingora,4487f7b2ab50f159e4a2cf4f6a6b813f61bb6e19,pingora-core/src/protocols/http/v1/server.rs,1619,write_proxy_tasks,yes,10,1,1642:compound_assign:self.body_bytes_sent=>await@1646:terminal_commit_after_await,,,,unreviewed
pingora,4487f7b2ab50f159e4a2cf4f6a6b813f61bb6e19,pingora-load-balancing/src/lib.rs,2180,discover,yes,5,1,2181:fetch_add:self.attempts=>await@2189:terminal_commit_after_await,,,,unreviewed
pingora,4487f7b2ab50f159e4a2cf4f6a6b813f61bb6e19,pingora-proxy/src/proxy_cache.rs,590,cache_http_task,yes,9,1,676:assign:session.ignore_downstream_range=>await@694:terminal_commit_after_await,,,,unreviewed
pingora,4487f7b2ab50f159e4a2cf4f6a6b813f61bb6e19,pingora-proxy/src/proxy_cache.rs,2447,next_http_task,yes,1,5,2470:assign:self=>await@2491:assign@2499; 2474:assign:self=>await@2491:assign@2499; 2478:assign:self=>await@2491:assign@2499; 2482:assign:self=>await@2491:assign@2499; 2499:assign:self=>await@2510:assign@2518,,,,unreviewed
pingora,4487f7b2ab50f159e4a2cf4f6a6b813f61bb6e19,pingora-proxy/src/proxy_custom.rs,720,custom_response_filter,yes,8,1,788:set:range_body_filter=>await@792:terminal_commit_after_await,,,,unreviewed
pingora,4487f7b2ab50f159e4a2cf4f6a6b813f61bb6e19,pingora-proxy/src/proxy_h1.rs,855,h1_response_filter,yes,7,1,929:set:range_body_filter=>await@956:terminal_commit_after_await,,,,unreviewed
pingora,4487f7b2ab50f159e4a2cf4f6a6b813f61bb6e19,pingora-proxy/src/proxy_h2.rs,880,h2_response_filter,no,13,1,948:set:range_body_filter=>await@952:terminal_commit_after_await,,,,unreviewed
qdrant,6ab21cac18ebb6f4ae29102c7f8f5cc11affd5de,lib/collection/src/shards/local_shard/updaters.rs,74,on_optimizer_config_update_impl,yes,1,1,136:store:self.optimizers=>await@140:terminal_commit_after_await,,,,unreviewed
qdrant,6ab21cac18ebb6f4ae29102c7f8f5cc11affd5de,lib/collection/src/shards/queue_proxy_shard.rs,656,send_wal_batch,yes,3,1,681:set:self.progress=>await@688:set@702,,,,unreviewed
qdrant,6ab21cac18ebb6f4ae29102c7f8f5cc11affd5de,lib/collection/src/shards/transfer/resharding_stream_records.rs,31,transfer_resharding_stream_records,yes,5,1,146:set:progress=>await@148:terminal_commit_after_await,,,,unreviewed
qdrant,6ab21cac18ebb6f4ae29102c7f8f5cc11affd5de,lib/collection/src/shards/transfer/stream_records.rs,35,transfer_stream_records,yes,2,1,122:set:progress=>await@124:terminal_commit_after_await,,,,unreviewed
qdrant,6ab21cac18ebb6f4ae29102c7f8f5cc11affd5de,lib/collection/src/update_workers/optimization_worker.rs,45,optimization_worker_fn,yes,4,1,109:store:has_triggered_optimizers=>await@134:terminal_commit_after_await,,,,unreviewed
risingwave,0d32b959c513370b47eda4e5e7787185472c5cf2,src/batch/src/execution/local_exchange.rs,117,get_data,no,47,1,122:store:self.rpc_called=>await@124:terminal_commit_after_await,,,,unreviewed
risingwave,0d32b959c513370b47eda4e5e7787185472c5cf2,src/connector/src/connector_common/common.rs,1100,async@1100,yes,1,1,1108:assign:client=>await@1123:assign@1124,,,,unreviewed
risingwave,0d32b959c513370b47eda4e5e7787185472c5cf2,src/connector/src/sink/file_sink/opendal_sink.rs,347,append_only,no,37,1,358:compound_assign:self.current_bached_row_num=>await@375:terminal_commit_after_await,,,,unreviewed
risingwave,0d32b959c513370b47eda4e5e7787185472c5cf2,src/connector/src/sink/iceberg/commit.rs,647,commit_data_impl,no,12,1,682:assign:self.table=>await@682:assign@792,,,,unreviewed
risingwave,0d32b959c513370b47eda4e5e7787185472c5cf2,src/connector/src/sink/snowflake_redshift/redshift.rs,699,commit_schema_change,no,24,2,797:take:self.shutdown_sender=>await@801:assign@826; 800:take:self.periodic_task_handle=>await@801:assign@827,,,,unreviewed
risingwave,0d32b959c513370b47eda4e5e7787185472c5cf2,src/frontend/src/scheduler/distributed/query.rs,294,run,no,45,1,318:compound_assign:self.scheduled_stages_count=>await@335:terminal_commit_after_await,,,,unreviewed
risingwave,0d32b959c513370b47eda4e5e7787185472c5cf2,src/frontend/src/session/cursor_manager.rs,500,next_row,no,42,2,549:assign:self.state=>await@583:assign@609; 563:assign:self.state=>await@583:assign@609,,,,unreviewed
risingwave,0d32b959c513370b47eda4e5e7787185472c5cf2,src/meta/src/backup_restore/backup_manager.rs,197,start_backup_job,no,49,1,230:store:self.latest_job_info=>await@232:terminal_commit_after_await,,,,unreviewed
risingwave,0d32b959c513370b47eda4e5e7787185472c5cf2,src/meta/src/hummock/manager/mod.rs,440,load_meta_store_state_impl,no,14,1,489:assign:versioning_guard.checkpoint=>await@492:assign@499,,,,unreviewed
risingwave,0d32b959c513370b47eda4e5e7787185472c5cf2,src/object_store/src/object/opendal_engine/opendal_object_store.rs,428,write_bytes,no,52,1,430:compound_assign:self.not_uploaded_len=>await@433:terminal_commit_after_await,,,,unreviewed
risingwave,0d32b959c513370b47eda4e5e7787185472c5cf2,src/object_store/src/object/s3.rs,323,write_bytes,no,51,1,328:compound_assign:self.not_uploaded_len=>await@332:assign@335,,,,unreviewed
risingwave,0d32b959c513370b47eda4e5e7787185472c5cf2,src/storage/backup/src/meta_snapshot.rs,105,write_snapshot_bytes,yes,3,1,107:compound_assign:self.size=>await@108:terminal_commit_after_await,,,,unreviewed
risingwave,0d32b959c513370b47eda4e5e7787185472c5cf2,src/storage/backup/src/meta_snapshot.rs,112,finish,no,35,1,116:compound_assign:self.size=>await@117:terminal_commit_after_await,,,,unreviewed
risingwave,0d32b959c513370b47eda4e5e7787185472c5cf2,src/storage/hummock_trace/src/replay/worker.rs,161,handle_record,no,34,1,295:assign:should_shutdown=>await@302:terminal_commit_after_await,,,,unreviewed
risingwave,0d32b959c513370b47eda4e5e7787185472c5cf2,src/storage/src/hummock/compactor/block_stream.rs,66,next_block,no,17,1,71:assign:self.block_stream=>await@72:assign@96,,,,unreviewed
risingwave,0d32b959c513370b47eda4e5e7787185472c5cf2,src/storage/src/hummock/compactor/compaction_utils.rs,72,open_builder,no,16,1,80:fetch_add:self.remote_rpc_cost=>await@86:terminal_commit_after_await,,,,unreviewed
risingwave,0d32b959c513370b47eda4e5e7787185472c5cf2,src/storage/src/hummock/compactor/fast_compactor_runner.rs,263,seek_idx,yes,6,1,264:take:self.sstable_iter=>await@268:assign@281,,,,unreviewed
risingwave,0d32b959c513370b47eda4e5e7787185472c5cf2,src/storage/src/hummock/compactor/iterator.rs,337,seek_idx,yes,10,2,342:take:self.sstable_iter=>await@363:assign@392; 360:assign:seek_key=>await@363:assign@398,,,,unreviewed
risingwave,0d32b959c513370b47eda4e5e7787185472c5cf2,src/storage/src/hummock/iterator/change_log.rs,174,advance_to_valid_key,no,25,1,175:assign:self.is_current_pos_valid=>await@185:assign@199,,,,unreviewed
risingwave,0d32b959c513370b47eda4e5e7787185472c5cf2,src/storage/src/hummock/iterator/concat_inner.rs,75,seek_idx,no,50,2,81:take:self.sstable_iter=>await@86:assign@113; 84:assign:self.cur_idx=>await@86:assign@114,,,,unreviewed
risingwave,0d32b959c513370b47eda4e5e7787185472c5cf2,src/storage/src/hummock/iterator/forward_user.rs,198,try_advance_to_next_valid,no,48,1,230:assign:self.is_current_pos_valid=>await@240:assign@243,,,,unreviewed
risingwave,0d32b959c513370b47eda4e5e7787185472c5cf2,src/storage/src/hummock/iterator/mod.rs,378,seek_inner,no,46,1,381:assign:self.iter=>await@385:assign@398,,,,unreviewed
risingwave,0d32b959c513370b47eda4e5e7787185472c5cf2,src/storage/src/hummock/sstable/backward_sstable_iterator.rs,140,seek_idx,no,15,1,146:assign:self.block_iter=>await@148:assign@164,,,,unreviewed
risingwave,0d32b959c513370b47eda4e5e7787185472c5cf2,src/storage/src/hummock/sstable/forward_sstable_iterator.rs,202,seek_idx,yes,7,2,220:assign:self.block_iter=>await@245:assign@276; 237:assign:self.preload_stream=>await@245:assign@260,,,,unreviewed
risingwave,0d32b959c513370b47eda4e5e7787185472c5cf2,src/storage/src/hummock/sstable/multi_builder.rs,399,open_builder,no,21,1,402:fetch_add:self.next_id=>await@403:terminal_commit_after_await,,,,unreviewed
risingwave,0d32b959c513370b47eda4e5e7787185472c5cf2,src/storage/src/hummock/sstable/writer.rs,284,write_block,no,22,1,285:compound_assign:self.data_len=>await@291:terminal_commit_after_await,,,,unreviewed
risingwave,0d32b959c513370b47eda4e5e7787185472c5cf2,src/storage/src/hummock/sstable/writer.rs,297,write_block_bytes,no,13,1,298:compound_assign:self.data_len=>await@303:terminal_commit_after_await,,,,unreviewed
risingwave,0d32b959c513370b47eda4e5e7787185472c5cf2,src/storage/src/hummock/sstable_store.rs,341,prefetch_blocks,no,39,4,368:compound_assign:stats.cache_data_block_total=>await@424:terminal_commit_after_await; 370:compound_assign:stats.cache_data_block_miss=>await@424:terminal_commit_after_await; 406:compound_assign:stats.cache_data_prefetch_count=>await@424:terminal_commit_after_await; 407:compound_assign:stats.cache_data_prefetch_block_count=>await@424:terminal_commit_after_await,,,,unreviewed
risingwave,0d32b959c513370b47eda4e5e7787185472c5cf2,src/storage/src/hummock/store/local_hummock_storage.rs,644,flush_inner,no,31,1,679:compound_assign:self.spill_offset=>await@689:terminal_commit_after_await,,,,unreviewed
risingwave,0d32b959c513370b47eda4e5e7787185472c5cf2,src/storage/src/hummock/vector/file.rs,471,flush_inner,no,26,1,486:compound_assign:self.next_block_offset=>await@487:terminal_commit_after_await,,,,unreviewed
risingwave,0d32b959c513370b47eda4e5e7787185472c5cf2,src/storage/src/hummock/vector/writer/hnsw.rs,60,new,no,20,1,73:set:stats.hnsw_file_size=>await@75:terminal_commit_after_await,,,,unreviewed
risingwave,0d32b959c513370b47eda4e5e7787185472c5cf2,src/stream/src/common/log_store_impl/kv_log_store/reader.rs,354,next_item,no,27,5,381:assign:self.latest_offset=>await@404:assign@413; 386:assign:self.latest_offset=>await@404:assign@413; 399:assign:self.future_state=>await@404:assign@405; 413:assign:self.latest_offset=>await@426:assign@445; 445:assign:self.latest_offset=>await@471:assign@485,,,,unreviewed
risingwave,0d32b959c513370b47eda4e5e7787185472c5cf2,src/stream/src/common/log_store_impl/kv_log_store/writer.rs,103,write_chunk,no,43,1,112:compound_assign:self.seq_id=>await@122:terminal_commit_after_await,,,,unreviewed
risingwave,0d32b959c513370b47eda4e5e7787185472c5cf2,src/stream/src/executor/backfill/cdc/cdc_backill_v2.rs,114,execute_inner,no,30,2,306:assign:self.rate_limit_rps=>await@391:assign@480; 480:assign:self.rate_limit_rps=>await@494:assign@680,,,,unreviewed
risingwave,0d32b959c513370b47eda4e5e7787185472c5cf2,src/stream/src/executor/backfill/snapshot_backfill/consume_upstream/executor.rs,115,into_stream,no,18,1,190:set:self.crossdb_last_consumed_min_epoch=>await@229:terminal_commit_after_await,,,,unreviewed
risingwave,0d32b959c513370b47eda4e5e7787185472c5cf2,src/stream/src/executor/dispatch/dispatch_sync_log_store.rs,213,next_event,yes,8,1,243:set:self=>await@254:set@266,,,,unreviewed
risingwave,0d32b959c513370b47eda4e5e7787185472c5cf2,src/stream/src/executor/iceberg_with_pk_index/position_delete_handler_impl.rs,116,await_ready,no,29,1,122:std :: mem :: replace:self.inner=>await@126:assign@127,,,,unreviewed
risingwave,0d32b959c513370b47eda4e5e7787185472c5cf2,src/stream/src/executor/iceberg_with_pk_index/writer.rs,186,process_chunk,no,23,1,193:take:self.delete_position_buffer=>await@219:assign@257,,,,unreviewed
risingwave,0d32b959c513370b47eda4e5e7787185472c5cf2,src/stream/src/executor/match_recognize/incremental.rs,421,rescan,no,33,3,502:assign:self.scan_cursor=>await@540:assign@567; 506:assign:self.matchless_upto=>await@540:assign@566; 508:assign:self.dead_upto=>await@540:assign@558,,,,unreviewed
risingwave,0d32b959c513370b47eda4e5e7787185472c5cf2,src/stream/src/executor/merge.rs,1042,get_stream,no,41,1,1047:store:self.rpc_called=>await@1050:terminal_commit_after_await,,,,unreviewed
risingwave,0d32b959c513370b47eda4e5e7787185472c5cf2,src/stream/src/executor/mod.rs,1897,try_fetch_barrier_rx,no,40,1,1910:assign:self.recv_state=>await@1916:assign@1918,,,,unreviewed
risingwave,0d32b959c513370b47eda4e5e7787185472c5cf2,src/stream/src/executor/mview/materialize.rs,367,execute_inner,no,11,1,864:assign:self.may_have_downstream=>await@877:terminal_commit_after_await,,,,unreviewed
risingwave,0d32b959c513370b47eda4e5e7787185472c5cf2,src/stream/src/executor/over_window/general.rs,374,apply_chunk,no,36,2,451:compound_assign:vars.stats.cache_lookup=>await@475:terminal_commit_after_await; 453:compound_assign:vars.stats.cache_miss=>await@475:terminal_commit_after_await,,,,unreviewed
risingwave,0d32b959c513370b47eda4e5e7787185472c5cf2,src/stream/src/executor/source/fs_fetch_executor.rs,294,into_stream,no,32,3,417:assign:reading_file=>await@419:assign@460; 460:assign:reading_file=>await@468:assign@486; 486:assign:reading_file=>await@490:assign@564,,,,unreviewed
risingwave,0d32b959c513370b47eda4e5e7787185472c5cf2,src/stream/src/executor/sync_kv_log_store.rs,952,next_message,yes,4,2,979:assign:self=>await@990:assign@1033; 1033:assign:self=>await@1055:assign@1062,,,,unreviewed
risingwave,0d32b959c513370b47eda4e5e7787185472c5cf2,src/stream/src/executor/temporal_join.rs,666,into_stream,no,44,1,713:set:self.metrics.temporal_join_cached_entry_count=>await@742:terminal_commit_after_await,,,,unreviewed
risingwave,0d32b959c513370b47eda4e5e7787185472c5cf2,src/stream/src/executor/top_n/top_n_cache.rs,373,delete,yes,2,1,404:remove:self.middle=>await@421:insert@434,,,,unreviewed
risingwave,0d32b959c513370b47eda4e5e7787185472c5cf2,src/stream/src/executor/top_n/top_n_cache.rs,586,delete,no,38,1,626:remove:self.middle=>await@635:insert@651,,,,unreviewed
risingwave,0d32b959c513370b47eda4e5e7787185472c5cf2,src/utils/pgwire/src/pg_protocol.rs,580,do_process_inner,yes,5,7,612:assign:self.ignore_util_sync=>await@623:assign@624; 618:assign:self.ignore_util_sync=>await@623:assign@624; 624:assign:self.ignore_util_sync=>await@645:assign@646; 630:assign:self.ignore_util_sync=>await@645:assign@646; 635:assign:self.ignore_util_sync=>await@645:assign@646; 640:assign:self.ignore_util_sync=>await@645:assign@646; 646:assign:self.ignore_util_sync=>await@666:terminal_commit_after_await,,,,unreviewed
risingwave,0d32b959c513370b47eda4e5e7787185472c5cf2,src/utils/pgwire/src/pg_protocol.rs,1015,inner_process_parse_msg,no,19,1,1025:take:self.unnamed_prepare_statement=>await@1059:replace@1069,,,,unreviewed
risingwave,0d32b959c513370b47eda4e5e7787185472c5cf2,src/utils/pgwire/src/pg_protocol.rs,1139,process_execute_msg,no,28,1,1145:remove:self.result_cache=>await@1150:insert@1153,,,,unreviewed
risingwave,0d32b959c513370b47eda4e5e7787185472c5cf2,src/utils/pgwire/src/pg_protocol.rs,1401,read_header,yes,9,1,1406:assign:self.read_header=>await@1406:assign@1410,,,,unreviewed
shotover,5cb1e0dd3c9a8835c7bb7ae5e6ca6a46aaa9ec9e,shotover/src/source_task.rs,236,run,yes,2,1,244:assign:self.listener=>await@245:assign@253,,,,unreviewed
shotover,5cb1e0dd3c9a8835c7bb7ae5e6ca6a46aaa9ec9e,shotover/src/transforms/cassandra/sink_cluster/mod.rs,641,complete_handshake,yes,1,1,650:assign:self.init_handshake_complete=>await@653:terminal_commit_after_await,,,,unreviewed
shotover,5cb1e0dd3c9a8835c7bb7ae5e6ca6a46aaa9ec9e,shotover/src/transforms/kafka/sink_cluster/connections.rs,208,handle_connection_error,yes,5,1,217:remove:self.connections=>await@230:insert@265,,,,unreviewed
shotover,5cb1e0dd3c9a8835c7bb7ae5e6ca6a46aaa9ec9e,shotover/src/transforms/kafka/sink_cluster/mod.rs,614,route_requests,yes,6,1,673:assign:self.auth_complete=>await@858:terminal_commit_after_await,,,,unreviewed
shotover,5cb1e0dd3c9a8835c7bb7ae5e6ca6a46aaa9ec9e,shotover/src/transforms/kafka/sink_cluster/mod.rs,2253,recv_responses,yes,4,1,2343:compound_assign:self.refetch_backoff=>await@2395:terminal_commit_after_await,,,,unreviewed
shotover,5cb1e0dd3c9a8835c7bb7ae5e6ca6a46aaa9ec9e,shotover/src/transforms/valkey/sink_cluster.rs,1038,transform,yes,3,2,1063:assign:self.has_run_init=>await@1067:terminal_commit_after_await; 1107:assign:self.rebuild_connections=>await@1110:terminal_commit_after_await,,,,unreviewed
