url,holder,phase,evidence,evidence_flag,fix_ref,fix_parent_commit,target_file,target_function,target_start_line,source_status,detector_run,function_hit,detector_locations,raw_hit_rows,note
https://github.com/risingwavelabs/risingwave/issues/26180,dropped_future,in_progress,reproducer,reporter_only,,,,,,unevaluable_no_merged_fix_parent,no,,,,冻结数据证据不是 fix_merged；没有修复前父提交可供该阶段定位，仍计在总分母。
https://github.com/databendlabs/databend/issues/20015,dropped_future,in_progress,fix_merged,,https://github.com/databendlabs/databend/commit/78cbab0905daf0aeb859d03e37c53e59e8c757df,aa66f141b0cc79e09928f429d140ceb96cde8a25,src/query/service/src/servers/http/v1/query/sized_spsc.rs,try_take_page,424,evaluated,yes,no,,0,page removed before spilled-page restore
https://github.com/neondatabase/neon/issues/10023,shared_object,in_progress,maintainer,,,,,,,unevaluable_no_merged_fix_parent,no,,,,冻结数据证据不是 fix_merged；没有修复前父提交可供该阶段定位，仍计在总分母。
https://github.com/tokio-rs/tokio/issues/6493,shared_object,in_progress,maintainer,,https://github.com/tokio-rs/tokio/pull/6494,,,,,unevaluable_no_merged_fix_parent,no,,,,链接 PR #6494 已合并，但只补充 Barrier 取消安全文档、未改行为；不是可定位的修复前/修复后代码对，仍不可评估且保留在总分母。
https://github.com/cloudflare/pingora/issues/934,dropped_future,in_progress,fix_merged,,https://github.com/cloudflare/pingora/commit/6dcc236a0fcbc6cc22fb48246641eb879899b790,b646bfb87cc28aebe576f4c2f0cdfda85383bf6a,pingora-core/src/protocols/http/v2/client.rs,read_response_header,186,evaluated,yes,no,,0,response future taken before await
https://github.com/databendlabs/databend/issues/20020,shared_object,recorded_ahead,fix_merged,,https://github.com/databendlabs/databend/commit/d2b0fd18035d1c1fc2feb3876300d5f5d64a61c2,be1c9bbba0c08d4161d55fc45e40981a4337b2f9,src/query/pipeline/src/sinks/async_sink.rs,async_process,157,evaluated,yes,yes,src/query/pipeline/src/sinks/async_sink.rs:159:async_process (await 160); src/query/pipeline/src/sinks/async_sink.rs:181:async_process (await 182),4,AsyncSinker finish flag before on_finish await; mirrored in async_mpsc_sink.rs
https://github.com/qdrant/qdrant/issues/9745,dropped_future,in_progress,maintainer,,https://github.com/qdrant/qdrant/pull/9770,,,,,unevaluable_no_merged_fix_parent,no,,,,PR #9770 仍 open，无已合并修复父提交；不可评估，保留在总分母。
https://github.com/oxidecomputer/omicron/issues/3356,dropped_future,in_progress,fix_merged,,https://github.com/oxidecomputer/omicron/commit/7e979f08b9c95c98d5e51d08719fd95de549e7e1,6d5da99ca4368488c7fb20039e0dc158ae230e4e,nexus/src/app/instance.rs,proxy_instance_serial_ws,1411,evaluated,yes,no,,0,select loop over stream read/write futures
https://github.com/cloudflare/pingora/issues/931,shared_object,in_progress,reproducer,reporter_only,https://github.com/cloudflare/pingora/pull/948,,,,,unevaluable_no_merged_fix_parent,no,,,,PR #948 仍 open；数据集 evidence=reproducer，不可评估，保留在总分母。
https://github.com/qdrant/qdrant/pull/3367,shared_object,in_progress,fix_merged,,https://github.com/qdrant/qdrant/commit/6b26e43de7ac26b6de39c2fd5f6b6ced24d1de16,66f0d373aa513439d33f39303e37dc42f660ec5c,lib/collection/src/collection/point_ops.rs,update_from_client,83,evaluated,yes,no,,0,API update call fan-out across shard operations
https://github.com/risingwavelabs/risingwave/issues/26409,shared_object,in_progress,fix_merged,,https://github.com/risingwavelabs/risingwave/commit/e459ee339b8cdbcf8b6cecea2e1fe0a472aa7cdc,e83b32ffa85a877dcfcd700da37507d792e7642c,src/stream/src/executor/sink.rs,execute,893,evaluated,yes,no,,0,sink executor select/update-config and log-reader rewind path
https://github.com/neondatabase/neon/issues/3478,shared_object,in_progress,fix_merged,,https://github.com/neondatabase/neon/commit/9787227c35d6e79b8b8328dc39b1a5592441fcc4,ef80a902c88e6357fcca71c2e282edd876adbf28,pageserver/src/http/routes.rs,tenant_detach_handler,477,evaluated,yes,no,,0,client-disconnect cancellation shield path
https://github.com/qdrant/qdrant/issues/9670,dropped_future,in_progress,fix_merged,,https://github.com/qdrant/qdrant/commit/7b59e7c40c800d4a94aa014461f92c7bff9aa214,f65a4d1071f0f8e6a8abc6bbaebb46954490a515,lib/collection/src/shards/local_shard/updaters.rs,on_optimizer_config_update_impl,57,evaluated,yes,yes,lib/collection/src/shards/local_shard/updaters.rs:115:on_optimizer_config_update_impl (await 119),1,local shard worker stop/restart path
https://github.com/qdrant/qdrant/pull/7787,shared_object,recorded_ahead,fix_merged,,https://github.com/qdrant/qdrant/pull/7791 (与报告 PR #7787 同一合并提交),2f2d50fbde98c70e7ecc1031a3953d5412d32143,lib/collection/src/shards/local_shard/clock_map.rs,advance_clock,89,evaluated,yes,no,,1,clock watermark can advance during aborted transfer; relevant code is synchronous；同一修复变更文件中的非缺陷函数候选（不计命中）：lib/collection/src/shards/queue_proxy_shard.rs:transfer_wal_batch@564
https://github.com/tokio-rs/tokio/issues/5285,dropped_future,in_progress,maintainer,,,,,,,unevaluable_no_merged_fix_parent,no,,,,冻结数据证据不是 fix_merged；没有修复前父提交可供该阶段定位，仍计在总分母。
https://github.com/denoland/deno/pull/20316,shared_object,in_progress,fix_merged,,https://github.com/denoland/deno/commit/9198bbd454c39f4d62f43ea729affe8cb789304a,539e5032d372679869dcee4e2e63f2116288b435,ext/http/http_next.rs,set_response,581,evaluated,yes,no,,0,response resource/OpState access path
https://github.com/MaterializeInc/materialize/pull/28816,dropped_future,in_progress,fix_merged,,https://github.com/MaterializeInc/materialize/commit/5f02d4fe4120fc97ed45d31d88b5c6f8839935bb,62875cc04674971788bdf5141eed69a22ef96375,src/compute-client/src/controller/sequential_hydration.rs,observe_response,155,evaluated,yes,yes,src/compute-client/src/controller/sequential_hydration.rs:164:observe_response (await 184),1,remove collection entry then await command send
https://github.com/hyperium/hyper/issues/3995,dropped_future,in_progress,fix_merged,,https://github.com/hyperium/hyper/commit/b7a679bad5e17d106b4b54835153af4e72027f82,156a6f6aaacdc782861a4cab23ab3940a029d6ac,src/proto/h1/dispatch.rs,poll_read,218,evaluated,yes,no,,0,"HTTP/1 dispatcher/body read state; poll-based, not async fn"
https://github.com/risingwavelabs/risingwave/pull/12725,dropped_future,in_progress,fix_merged,,https://github.com/risingwavelabs/risingwave/commit/9d439b7df499ceb2747abd528e7f3f316bc50e69,e5e17fa8ae4db46932b6a1f953ea060ee87c8ade,src/stream/src/common/log_store_impl/kv_log_store/reader.rs,next_item,125,evaluated,yes,yes,src/stream/src/common/log_store_impl/kv_log_store/reader.rs:133:next_item (await 150); src/stream/src/common/log_store_impl/kv_log_store/reader.rs:137:next_item (await 150); src/stream/src/common/log_store_impl/kv_log_store/reader.rs:161:next_item (await 173),3,cancellable buffered log-reader next_item
https://github.com/MaterializeInc/materialize/pull/12479,dropped_future,in_progress,fix_merged,,https://github.com/MaterializeInc/materialize/commit/e5ef22d1c21434a6b4041386727317612d8d4162,a838ec6e67692e7dc55e7234d86aeecd7922ddb8,src/dataflow-types/src/client/controller.rs,recv,370,evaluated,yes,no,,0,Controller::recv is the select branch entry
https://github.com/qdrant/qdrant/issues/9665,dropped_future,in_progress,maintainer,,https://github.com/qdrant/qdrant/pull/9667,,,,,unevaluable_no_merged_fix_parent,no,,,,PR #9667 closed but unmerged；不可评估，保留在总分母。
https://github.com/qdrant/qdrant/pull/10338,shared_object,in_progress,fix_merged,,https://github.com/qdrant/qdrant/commit/7e7f19fc4161ebfd64eadcf4816cfd4ebdef460a,c5f2ba45bd52496d9db90881c92186060b603716,lib/storage/src/content_manager/consensus_manager.rs,await_receiver,757,evaluated,yes,no,,0,shared awaiter map cleanup on timeout
https://github.com/risingwavelabs/risingwave/issues/3909,shared_object,in_progress,fix_merged,,https://github.com/risingwavelabs/risingwave/commit/0a40cb64ed3780f55709a9c45644085ca6d0bd31,487ef80324284adfb6a87aa60c1e4175cdbf26e5,src/common/src/cache.rs,lookup_with_request_dedup,761,evaluated,yes,no,,1,deduplicated cache-miss leader/waiter path；同一修复变更文件中的非缺陷函数候选（不计命中）：src/storage/src/hummock/sstable/forward_sstable_iterator.rs:seek_idx@79
https://github.com/MaterializeInc/materialize/pull/38577,dropped_future,in_progress,fix_merged,,https://github.com/MaterializeInc/materialize/commit/951d074c8798226baac0dd32fe8286095c36d11c,43944afc9c35a2d7445d1cb08f2aab6f9f16d6eb,src/persist-client/src/internal/merge.rs,block_until_ready,187,evaluated,yes,yes,src/persist-client/src/internal/merge.rs:188:block_until_ready (await 189),1,mem::replace state with Blocking before write-handle await
https://github.com/risingwavelabs/risingwave/pull/6985,shared_object,in_progress,fix_merged,,https://github.com/risingwavelabs/risingwave/commit/ad0c826ea4b4a47745b5f7dc9820370303a5ecc8,dc3aa058951bec28876c12b9edfe90af1cada1dd,src/storage/src/hummock/iterator/merge_inner.rs,next_inner,206,evaluated,yes,no,,0,ordered merge heap intermediate state while child iterator awaits
https://github.com/n0-computer/iroh/pull/2572,dropped_future,in_progress,fix_merged,,https://github.com/n0-computer/iroh/commit/32bb0f3be432676ca49473e75c7eb00db32a3673,8e4e586cece3968700a13562058f3a5c152c1805,iroh-gossip/src/net.rs,connection_loop,641,evaluated,yes,no,,0,select loop over partially consumed framed read
https://github.com/neondatabase/neon/pull/12345,dropped_future,in_progress,fix_merged,,https://github.com/neondatabase/neon/commit/517a3d0d86303ee3084ffd99ffac7042e2eca5c2,27ca1e21bec2fc90311ec3ac1cad69bced69dd6f,proxy/src/batch.rs,call,52,evaluated,yes,no,,0,batch requests removed before processor.apply await
https://github.com/risingwavelabs/risingwave/issues/26176,dropped_future,in_progress,reproducer,reporter_only,,,,,,unevaluable_no_merged_fix_parent,no,,,,冻结数据证据不是 fix_merged；没有修复前父提交可供该阶段定位，仍计在总分母。
https://github.com/hyperium/hyper/issues/3199,dropped_future,in_progress,maintainer,,https://github.com/hyperium/hyper/pull/3205,,,,,unevaluable_no_merged_fix_parent,no,,,,PR #3205 仍 open；不可评估，保留在总分母。
https://github.com/MaterializeInc/materialize/pull/12485,shared_object,in_progress,fix_merged,,https://github.com/MaterializeInc/materialize/commit/c7e70fb59cddeae461123ebba8032d51d5abd467,5216a08830e42526fa8edb26e21f465e7991749b,src/dataflow-types/src/client.rs,reconnect,1049,evaluated,yes,yes,src/dataflow-types/src/client.rs:1050:reconnect (await 1058); src/dataflow-types/src/client.rs:1056:reconnect (await 1058); src/dataflow-types/src/client.rs:1061:reconnect (await 1075); src/dataflow-types/src/client.rs:1070:reconnect (await 1075); src/dataflow-types/src/client.rs:1071:reconnect (await 1075),8,connection/backoff state machine across awaits
https://github.com/cloudflare/pingora/issues/932,shared_object,in_progress,maintainer,,https://github.com/cloudflare/pingora/pull/949,,,,,unevaluable_no_merged_fix_parent,no,,,,PR #949 仍 open；不可评估，保留在总分母。
https://github.com/MaterializeInc/materialize/pull/29221,dropped_future,in_progress,fix_merged,,https://github.com/MaterializeInc/materialize/commit/f326739c409bd1d32664258bea8b346b5957de08,a95d82e08c850eeaa2abbc88d992f09455e92c30,src/cluster/src/server.rs,build,253,evaluated,yes,no,,0,TimelyContainer taken from shared Option before channel await
https://github.com/oxidecomputer/omicron/pull/3579,shared_object,recorded_ahead,fix_merged,,https://github.com/oxidecomputer/omicron/commit/a7c7a6768caedde3491d69d91661a0eb01bbe739,471a442a87d5a539f25ef5fcfd4b32de610fadc7,wicketd/src/installinator_progress.rs,report_progress,47,evaluated,yes,no,,0,RunningUpdate::Invalid temporary state while send awaits
https://github.com/paritytech/polkadot-sdk/pull/11013,dropped_future,in_progress,maintainer,,,,,,,unevaluable_no_merged_fix_parent,no,,,,报告 PR #11013 仍 open；不可评估，保留在总分母。
https://github.com/risingwavelabs/risingwave/pull/22128,shared_object,in_progress,fix_merged,,https://github.com/risingwavelabs/risingwave/commit/1a825138bdf0d0e0e218bd339c2f5b4eb7fbc793,c0ab2178e3029882de40806a3738d7826d40566d,src/connector/src/source/cdc/external/mysql.rs,snapshot_read_inner,430,evaluated,yes,no,,0,MySQL connection stream query cancellation can poison reuse
https://github.com/cloudflare/pingora/issues/933,shared_object,recorded_ahead,reproducer,reporter_only,https://github.com/cloudflare/pingora/pull/1002,,,,,unevaluable_no_merged_fix_parent,no,,,,PR #1002 仍 open；数据集 evidence=reproducer，不可评估，保留在总分母。
https://github.com/hyperium/hyper/pull/1584,dropped_future,in_progress,fix_merged,,https://github.com/hyperium/hyper/commit/f2d464ac79b47f988bffc826b80cf7d107f80694,1f95f58837e5fd78b0e9bb1a51276c38bc9d559c,src/client/mod.rs,request,195,evaluated,yes,no,,0,futures combinator races pool checkout vs connect; not async fn
https://github.com/seanmonstar/reqwest/issues/949,dropped_future,in_progress,maintainer,,,,,,,unevaluable_no_merged_fix_parent,no,,,,冻结数据证据不是 fix_merged；没有修复前父提交可供该阶段定位，仍计在总分母。
https://github.com/risingwavelabs/risingwave/pull/6658,dropped_future,in_progress,fix_merged,,https://github.com/risingwavelabs/risingwave/commit/d1e6e8a52272a5f6b8eea3e53764f4b047ab042c,f94a466631722d4caf1247f70893b43114753438,src/storage/src/hummock/iterator/merge_inner.rs,next_inner,203,evaluated,yes,yes,src/storage/src/hummock/iterator/merge_inner.rs:205:async@204 (await 226),1,ordered merge heap pop/child next await/reinsert
https://github.com/tokio-rs/tokio/issues/4908,shared_object,in_progress,maintainer,,,,,,,unevaluable_no_merged_fix_parent,no,,,,冻结数据证据不是 fix_merged；没有修复前父提交可供该阶段定位，仍计在总分母。
https://github.com/oxidecomputer/omicron/pull/11263,shared_object,in_progress,fix_merged,,https://github.com/oxidecomputer/omicron/commit/d81e1a37238ac8ad265d955c311455ffd4f1e19f,12e2faee9b36c0635b519450c67ae2203f31578e,oximeter/db/src/native/connection.rs,query_inner,249,evaluated,yes,yes,oximeter/db/src/native/connection.rs:265:query_inner (await 271); oximeter/db/src/native/connection.rs:337:query_inner (await 344),2,query state/connection protocol poisoning around await
https://github.com/redis-rs/redis-rs/pull/597,dropped_future,in_progress,fix_merged,,https://github.com/redis-rs/redis-rs/commit/14e6fb4b4e8115fe50bf021eba7819ebe7e516b8,bd9566a27e31e02cd19b3ba59ea09055186ac7a4,redis/src/cmd.rs,poll_next,131,evaluated,yes,no,,0,Stream implementation reconstructs next_item future per poll
https://github.com/hyperium/hyper/issues/2113,dropped_future,in_progress,maintainer,,,,,,,unevaluable_no_merged_fix_parent,no,,,,冻结数据证据不是 fix_merged；没有修复前父提交可供该阶段定位，仍计在总分母。
https://github.com/oxidecomputer/omicron/pull/3351,dropped_future,in_progress,fix_merged,,https://github.com/oxidecomputer/omicron/commit/73545a9e601c33f347c80c1c4aaa2a107599660d,8f8da3da675784d3f71ca975dab162ac168d3a6a,sled-agent/src/bootstrap/agent.rs,rack_initialize,662,evaluated,yes,no,,0,HTTP-triggered long-running rack initialization
https://github.com/risingwavelabs/risingwave/pull/8145,shared_object,in_progress,fix_merged,,https://github.com/risingwavelabs/risingwave/commit/131d88cf8be301807c3ee8a3d69a7a63cfb6a933,b32dc48fe9df587a4fac5f6d3a6bf73b5455d4d0,src/meta/src/rpc/service/ddl_service.rs,drop_database,100,evaluated,yes,no,,0,multi-step DDL request can be canceled during partial apply
