url,relevant,fix_url,adopted,rationale
https://github.com/databendlabs/databend/issues/20042,unclear,,A,"#20043 fixes the early called_on_finish flag (that is #20020's defect); the claimed orphaned objects / lost CommitMeta are not reproduced or confirmed"
https://github.com/grpc/grpc-rust/pull/2791,no,,B,"feature: adds an explicit abort (RST_STREAM) API; no destroyed future causes a defect; adjacent is reserved for defects"
https://github.com/redis-rs/redis-rs/issues/553,dup,https://github.com/redis-rs/redis-rs/issues/851,A,"maintainer cross-references the same XREAD BLOCK mechanism; both annotators label #851 yes"
https://github.com/hyperium/h2/issues/138,adjacent,,A,"what is dropped is a SendStream handle, not a future or task; codebook scope is futures/tasks (codebook-gap noted by both)"
https://github.com/tokio-rs/tokio/issues/5861,no,,A,"maintainer: task allocation retained by live wakers is intended; no contract violated"
https://github.com/oxidecomputer/propolis/issues/650,yes,,B,"reported by a project engineer who observed duplicated output; project developer describing own code counts as confirmation"
https://github.com/libp2p/rust-libp2p/issues/2329,adjacent,,B,"abort is signalled by dropping a notifier and the task exits cooperatively; the defect is bookkeeping order, not state lost with a destroyed future"
https://github.com/tokio-rs/tokio/pull/8258,no,,A,"follow-up mio#1967: in-flight write keeps OVERLAPPED alive; author conceded there is no use-after-free"
https://github.com/MaterializeInc/materialize/pull/35938,adjacent,,A,"dropped object is a tonic Channel handle; background task keeps polling; no future destroyed mid-operation"
https://github.com/paritytech/polkadot-sdk/pull/11013,yes,,B,"PR by a project maintainer with a regression test for #5414; remove_all drops the in-flight response future"
https://github.com/linkerd/linkerd2-proxy/pull/220,adjacent,,A,"a service object leaves the cache; the daemon future is not destroyed but lives on"
https://github.com/denoland/deno/issues/21590,no,,B,"missing AbortSignal feature at JS level"
https://github.com/tokio-rs/tokio/pull/1495,yes,,A,"review found receiver future may be dropped while blocking closure unwraps send; fixed before merge (found_by=review)"
https://github.com/MaterializeInc/materialize/pull/18718,no,,B,"Timely dataflow shutdown, not async future cancellation"
https://github.com/hyperium/hyper/issues/2723,unclear,,B,"cause diagnosed only by the annotator from the reporter's gist; no maintainer diagnosis"
https://github.com/tokio-rs/axum/issues/3112,no,,B,"task-lifecycle leak on normal operation, not triggered by cancellation"
https://github.com/grpc/grpc-rust/issues/1450,no,,B,"platform TCP teardown question"
https://github.com/risingwavelabs/risingwave/pull/779,no,,B,"distributed task timeout, unmerged"
https://github.com/tokio-rs/tokio/pull/7899,no,,B,"docs PR about a block_in_place hazard; not a defect report"
https://github.com/risingwavelabs/risingwave/issues/691,no,,B,"actor exits on error; error propagation, not cancellation"
https://github.com/neondatabase/neon/pull/2785,unclear,,-,"defect confirmed only in review of #2921, which was not merged; neither yes nor no is supported"
https://github.com/MaterializeInc/materialize/pull/23572,no,,B,"early error return (normal completion), not cancellation"
https://github.com/oxidecomputer/dropshot/issues/695,no,,B,"feature request motivated by omicron#3140; not itself a defect report"
https://github.com/hyperium/h2/pull/337,no,,B,"drop-order race on normal teardown, not cancellation"
https://github.com/vectordotdev/vector/pull/26299,no,,B,"ordering race inside new code; the aborted task was not destroyed mid-operation"
https://github.com/MaterializeInc/materialize/pull/16654,no,,B,"never-awaited future (let _ = fut): dropped before first poll because of a missing await; excluded by codebook v3 scope"
https://github.com/meilisearch/meilisearch/pull/6599,yes,,B,"PR with regression test for the stale-waiter defect; same defect as #6508 (cross-round dedup in dedup.csv)"
https://github.com/cloudflare/pingora/pull/800,no,,-,"re-submission of #797, which adds cancellation (feature), not a cancellation defect"
https://github.com/libp2p/rust-libp2p/pull/94,no,,B,"deadlock with unknown cause; no link to cancellation"
https://github.com/risingwavelabs/risingwave/issues/26075,no,,A,"Java Debezium threads, not Rust async"
https://github.com/risingwavelabs/risingwave/pull/24286,no,,B,"feature"
https://github.com/tokio-rs/tokio/issues/3117,no,,B,"missing wakeup in LocalSet; unrelated to cancellation"
https://github.com/vectordotdev/vector/pull/26310,no,,B,"feature"
https://github.com/tokio-rs/tokio/pull/216,no,,B,"panic isolation"
https://github.com/qdrant/qdrant/pull/2907,no,,B,"feature adding cooperative cancellation"
https://github.com/denoland/deno/issues/28632,no,,A,"root cause in the reporter's logging code"
https://github.com/tokio-rs/tokio/issues/4908,yes,,A,"read_until in select! consumes into the shared buffer, branch dropped; reporter confirms; same class as tokio#6877/#5285"
https://github.com/tokio-rs/tokio/issues/5340,no,,A,"feature request"
https://github.com/denoland/deno/issues/33166,unclear,,A,"mechanism (Rust future vs JS/h3 error handling) not established"
https://github.com/hyperium/hyper/issues/3792,no,,A,"graceful-shutdown race with unread requests; no destroyed future"
https://github.com/oxidecomputer/dropshot/pull/965,no,,B,"observability feature"
https://github.com/denoland/deno/issues/22185,no,,B,"unwrap panic with no cancellation mechanism"
https://github.com/vectordotdev/vector/issues/10435,no,,A,"idea / feature discussion"
https://github.com/vectordotdev/vector/pull/17497,adjacent,,B,"finalizer exits cooperatively on shutdown/rebalance and drops buffered acks; cooperative, not a destroyed future"
https://github.com/cloudflare/pingora/pull/797,no,,B,"adds cancellation of a cache-lock wait (feature)"
https://github.com/vectordotdev/vector/pull/24278,adjacent,,B,"cooperative shutdown of the finalizer stream"
https://github.com/tokio-rs/tokio/issues/3825,yes,,A,"Notified recreated each loop and dropped when the interval wins; notification lost; maintainer gives the keep-alive fix"
https://github.com/hyperium/hyper/issues/2113,yes,,B,"maintainers confirm the panic when the runtime drops the dispatch task mid-request"
https://github.com/hyperium/hyper/issues/4122,no,,B,"channel send/close sequencing race; no destroyed future (thread and repro)"
https://github.com/vectordotdev/vector/issues/21657,yes,,B,"maintainer confirms: shutdown select! arm drops run_once after events reached the sink but before the SQS ack; primary over vector#24670"
https://github.com/denoland/deno/issues/26924,no,,B,"environment-specific missing signal, not reproduced"
https://github.com/denoland/deno/pull/20641,no,,A,"JS-level resource cleanup; no destroyed Rust future described"
https://github.com/oxidecomputer/omicron/pull/3351,yes,,B,"developers move rack init/reset out of the handler because client disconnect cancels it mid-operation (same evidence basis as omicron#3345)"
https://github.com/hyperium/hyper/issues/1360,adjacent,,A,"dropped object is a response Body handle, not a future (v3 scope)"
https://github.com/vectordotdev/vector/pull/14846,adjacent,,B,"same cooperative-shutdown ack issue as vector#17497, unmerged"
https://github.com/tokio-rs/tokio/issues/7805,no,,A,"API usability request"
https://github.com/denoland/deno/pull/33459,no,,B,"never-polled future at exit (v3 scope: no)"
https://github.com/hyperium/hyper/pull/1585,yes,,B,"connect future dropped when checkout wins; alternative fix for hyper#1584 (cross-round dedup in dedup.csv)"
https://github.com/denoland/deno/pull/26761,dup,https://github.com/denoland/deno/issues/21653,A,"fix PR for #21653 (both annotators: adjacent)"
https://github.com/neondatabase/neon/pull/12402,adjacent,,B,"revert of token-based shutdown changes; cooperative cancellation ordering"
https://github.com/oxidecomputer/omicron/issues/9259,adjacent,,B,"futurelock (RFD 609)"
https://github.com/tokio-rs/tokio/issues/6369,yes,,B,"repro + RUSTSEC-2024-0019: task owning a NamedPipeServer with a pending overlapped connect dropped at shutdown; completion hits freed ScheduledIo"
https://github.com/risingwavelabs/risingwave/pull/25152,yes,,B,"production incident: recovery drops the source actor, its spawned worker outlives it and commits a stale CDC offset"
https://github.com/neondatabase/neon/pull/4678,no,,A,"shutdown coordination; no destroyed future"
https://github.com/libp2p/rust-libp2p/issues/2461,no,,B,"poll-driving bug"
https://github.com/databendlabs/databend/issues/1082,no,,B,"no cancellation mechanism shown"
https://github.com/MaterializeInc/materialize/pull/35008,adjacent,,A,"future kept in select! but no longer polled (futurelock-like)"
