item,url,repo,kind,title,relevant,holder,phase,after,violation,violation_extra,outlives,cancel_source,layer,found_by,fix_url,notes
1,https://github.com/tokio-rs/tokio/issues/6369,tokio-rs/tokio,issue,Windows Named pipes invalid memory access,yes,kernel_or_remote,in_progress,teardown,memory_safety,,yes,shutdown,library,failure,,"Reported with a repro under Application Verifier; fixed in mio#1760 (RUSTSEC-2024-0019). When the task owning a NamedPipeServer with a pending overlapped connect is dropped (runtime shutdown after timeout), the IOCP completion is delivered after deregistration into a freed ScheduledIo. The overlapped op is in flight in the kernel -> kernel_or_remote/in_progress."
2,https://github.com/denoland/deno/pull/26781,denoland/deno,pr,feat(ext/http): abort event when request is cancelled,no,,,,,,,,,,,Feature: fire the request.signal abort event when a Deno.serve request is cancelled; no defect of a destroyed future.
3,https://github.com/neondatabase/neon/issues/988,neondatabase/neon,issue,Epic: fix multiple pageserver shutdown issues,adjacent,,,,,,,,,,,"Epic about pageserver shutdown being slow because blocking recv loops and threads never observe the shutdown flag; fixed by #1108. Cooperative shutdown responsiveness, no future destroyed -> adjacent."
4,https://github.com/tokio-rs/tokio/issues/6543,tokio-rs/tokio,issue,Tokio select! Marco error with socket create by socket2 crate,no,,,,,,,,,,,User forgot set_nonblocking on a socket2 listener; select! not waking was a usage error. Not cancellation.
5,https://github.com/neondatabase/neon/pull/9923,neondatabase/neon,pr,Fix error message if PS connection is lost while receiving prefetch,no,,,,,,,,,,,C code in the Neon Postgres extension: an error message prints cleared prefetch slot values after a disconnect. Not Rust async cancellation.
6,https://github.com/oxidecomputer/dropshot/pull/965,oxidecomputer/dropshot,pr,Add on_disconnect scopeguard for cancelled requests,no,,,,,,,,,,,"Adds logging/probes (scopeguard) when dropshot request handling is cancelled by client disconnect; observability feature, no defect fixed."
7,https://github.com/n0-computer/iroh/pull/4492,n0-computer/iroh,pr,fix(iroh-relay): prune stale sent_to relations when a client disconnects,no,,,,,,,,,,,Relay server never pruned stale entries of the sent_to set when peers disconnect (memory growth); a bookkeeping leak unrelated to future cancellation. Unmerged.
8,https://github.com/risingwavelabs/risingwave/pull/14517,risingwavelabs/risingwave,pr,refactor(meta): maintain snapshot of running actors instead of resolving it every time for barrier,no,,,,,,,,,,,Refactor: keep a snapshot of running actors in barrier state instead of resolving it per barrier.
9,https://github.com/vectordotdev/vector/issues/21657,vectordotdev/vector,issue,"When terminating the vector of the S3 source, the imported message is terminated without completely processing it.",yes,dropped_future,effect_unrecorded,teardown,duplication,,no,select,app,failure,,"The user observed duplicates after stopping Vector; the maintainer confirmed that the shutdown select! arm drops run_once after events reached Kafka but before the SQS ack, so messages are redelivered (called 'unfortunate but possible'). Events delivered but not recorded (acked) -> effect_unrecorded. Medium confidence: closed as expected at-least-once behaviour."
10,https://github.com/risingwavelabs/risingwave/pull/25152,risingwavelabs/risingwave,pr,fix(source): drop stale wait checkpoint task,yes,other_task,in_progress,others,loss,effect_after_close,yes,owner_dropped,app,failure,,"Merged fix for production #25071. The spawned WaitCheckpointWorker outlived its source actor after recovery dropped it; its pending try_wait_epoch then completed and committed a stale CDC offset (advancing the Postgres slot) for an epoch that never checkpointed, losing WAL. Work lives in a separate task -> other_task/in_progress."
11,https://github.com/vectordotdev/vector/pull/25901,vectordotdev/vector,pr,fix(gcp_pubsub source): recover from stalled streams and reduce error noise,no,,,,,,,,,,,gcp_pubsub source stalls on silently broken HTTP/2 streams; adds keepalive and idle timeout. Not caused by cancellation.
12,https://github.com/redis-rs/redis-rs/issues/1610,redis-rs/redis-rs,issue,I don't think set_push_sender handle errors - I believe it will cause a silent failure of reconnection logic.,no,,,,,,,,,,,"An error returned by the user's push-sender closure ends the disconnect-watching loop in ConnectionManager; error handling, not cancellation."
13,https://github.com/neondatabase/neon/pull/9450,neondatabase/neon,pr,safekeeper: add walreceiver metrics,no,,,,,,,,,,,"Adds safekeeper WAL receiver metrics; a passing mention of a rewritten hazard, no defect report."
14,https://github.com/tokio-rs/tokio/issues/6422,tokio-rs/tokio,issue,assertion failed: prev.ref_count() >= 1,unclear,,,,,,,,,,,"tokio 'assertion failed: prev.ref_count() >= 1' panic; the reporter guesses select! in a loop, discussion moved to #6424 with no established cause."
15,https://github.com/vectordotdev/vector/issues/26442,vectordotdev/vector,issue,websocket_server sink leaks its listener and fatally crashes Vector on reload when the address is reused,adjacent,,,,,,,,,,,"websocket_server sink's accept loop keeps the listener bound after the sink shuts down on reload (no shutdown signal), so a re-bind fails and kills Vector. Work not stopped at teardown; no future is destroyed mid-operation. Open, unconfirmed."
16,https://github.com/grpc/grpc-rust/issues/1339,grpc/grpc-rust,issue,Can't use client within spawned tokio tasks,no,,,,,,,,,,,Question about using a tonic client in spawned tasks (interceptor closure not Send).
17,https://github.com/vectordotdev/vector/pull/1917,vectordotdev/vector,pr,enhancement(topology): POC of topology shutdown cleanup,no,,,,,,,,,,,"POC for coordinated topology shutdown in Vector (feature/design), superseded by #1994."
18,https://github.com/neondatabase/neon/pull/2466,neondatabase/neon,pr,Storage messaging rfc 2.,no,,,,,,,,,,,RFC for storage messaging via gRPC broker.
19,https://github.com/hyperium/hyper/issues/2161,hyperium/hyper,issue,"Multiple, different, panics gracefully shutting down an UpgreadableConnection",no,,,,,,,,,,,"Panics from calling graceful_shutdown on an already-completed hyper Connection plus an h2 simultaneous-GOAWAY bug (fixed in hyper#2162, h2#456); not future cancellation."
20,https://github.com/risingwavelabs/risingwave/pull/25276,risingwavelabs/risingwave,pr,fix(sink): truncate barriers in batching log sink during idle periods,no,,,,,,,,,,,Batching log sink never truncated barriers when idle; logic bug unrelated to cancellation.
21,https://github.com/neondatabase/neon/pull/4314,neondatabase/neon,pr,Shield HTTP request handlers from async cancellations.,yes,shared_object,in_progress,retry,invariant,,no,owner_dropped,app,failure,,"Merged fix for #3478: hyper drops the management API handler future on client hang-up, e.g. mid-detach after the tenant moved to Stopping, leaving tenant state stuck so later requests fail. The fix spawns each handler. The half-done state lives in the outliving tenant object -> shared_object/in_progress."
22,https://github.com/risingwavelabs/risingwave/pull/5240,risingwavelabs/risingwave,pr,refactor(compaction): unify task cancellation,no,,,,,,,,,,,Refactor of compaction scheduler task cancellation (meta-level compaction tasks); no defect.
23,https://github.com/neondatabase/neon/pull/4403,neondatabase/neon,pr,pg_sni_router: add session_id to more messages,no,,,,,,,,,,,Logging improvements in pg_sni_router.
24,https://github.com/qdrant/qdrant/pull/7781,qdrant/qdrant,pr,return an error when cancelling a flush,adjacent,,,,,,,,,,,"Flushers cooperatively observe a dropped storage and previously returned Ok, letting the WAL be acked; the fix returns a Cancelled error. The cancellation is an is-alive check, not a destroyed future -> adjacent."
25,https://github.com/denoland/deno/issues/31589,denoland/deno,issue,Deno node:fs createWriteStream Polyfill Fails to Write Data on Premature Process Exit with `pdfkit`,no,,,,,,,,,,,node:fs createWriteStream writes 0 bytes when process exits before pdfkit ends the stream; the reporter withdrew it (pdfkit bug). Not future cancellation.
26,https://github.com/denoland/deno/issues/17933,denoland/deno,issue,Terminal is unresponsive after running Vite,no,,,,,,,,,,,"Terminal left in raw mode after Ctrl-C of deno task (setRawMode not reset on exit); fixed by #20892. TTY state restoration, not future cancellation."
27,https://github.com/neondatabase/neon/issues/6213,neondatabase/neon,issue,Epic: move outbound logical replication out of Beta,no,,,,,,,,,,,Epic tracking logical replication GA tasks.
28,https://github.com/denoland/deno/issues/33366,denoland/deno,issue,Windows: node:net server stops firing 'connection' events on named pipes after first client disconnects (regression since 2.7.12),no,,,,,,,,,,,"node:net named-pipe server stops accepting after the first client disconnects on Windows (regression); accept-loop bug, not cancellation."
29,https://github.com/tokio-rs/tokio/issues/2234,tokio-rs/tokio,issue,TcpStream `write` silently loses one message,no,,,,,,,,,,,TCP write succeeding after peer closed is expected TCP behaviour; closed by the reporter.
30,https://github.com/tokio-rs/tokio/pull/6298,tokio-rs/tokio,pr,Don't take the tail lock when dropping broadcast channel's `Recv` future,no,,,,,,,,,,,Performance: avoid the tail lock when dropping broadcast Recv futures; not a defect.
31,https://github.com/vectordotdev/vector/issues/12217,vectordotdev/vector,issue,Vector sources acknowledge discarded events,no,,,,,,,,,,,"Design issue: sources positively acknowledge events that the topology discards; ack semantics, not cancellation."
32,https://github.com/vectordotdev/vector/pull/25911,vectordotdev/vector,pr,fix(topology): consume pending component reloads,no,,,,,,,,,,,"Pending explicit component reloads never consumed, causing unnecessary restarts; bookkeeping bug unrelated to cancellation."
33,https://github.com/tokio-rs/tokio/issues/5053,tokio-rs/tokio,issue,write_all hangs after read on a pty slave,no,,,,,,,,,,,"write_all hangs on a PTY slave opened via tokio::fs (special files unsupported); documented limitation, not cancellation."
34,https://github.com/vectordotdev/vector/issues/2950,vectordotdev/vector,issue,"File sink did not flush data in time, causing infinite message delay and sometimes data loss",no,,,,,,,,,,,"File sink reopened files without append after idle timeout, overwriting data (fixed by #3084); not cancellation."
35,https://github.com/neondatabase/neon/pull/7051,neondatabase/neon,pr,fix: on-demand downloads can outlive timeline shutdown,adjacent,,,,,,,,,,,"On-demand layer downloads could start after Timeline::shutdown because task_mgr shutdown is not sticky; fixed by entering the gate and using the timeline cancellation token. Shutdown coordination, no future destroyed mid-operation."
36,https://github.com/neondatabase/neon/issues/6838,neondatabase/neon,issue,WAL connection_manager got stuck receiving no updates from storage broker,no,,,,,,,,,,,connection_manager got no broker updates; root cause was a duplicate storage broker deployment.
37,https://github.com/risingwavelabs/risingwave/pull/8145,risingwavelabs/risingwave,pr,fix: introduce ddl controller to make all ddl's running in the background,yes,shared_object,in_progress,others,invariant,,no,owner_dropped,app,failure,,"Merged fix for a failing deterministic recovery test (#8086): killing the frontend mid-DDL makes tonic drop the meta-side DDL handler future, leaving only part of the catalog/stream operations applied. Fix runs DDLs in a background controller. The half-applied state is in the outliving meta catalog -> shared_object/in_progress."
38,https://github.com/neondatabase/neon/pull/12371,neondatabase/neon,pr,Check prefetch response before assignment to slot,adjacent,,,,,,,,,,,"codebook-gap: C extension (pgxn communicator). A Postgres interrupt or FATAL proc_exit leaves the function early without resetting prefetch ring state, giving request/response mismatch. This is non-future, interrupt-driven abandonment, which the codebook does not define."
39,https://github.com/MaterializeInc/materialize/pull/28243,MaterializeInc/materialize,pr,storage/upsert: fix `select!`/`Stream` bug,no,,,,,,,,,,,"select! busy-loops because the branch pattern does not disable an exhausted stream; a select misuse, but no future is destroyed to cause harm."
40,https://github.com/risingwavelabs/risingwave/issues/19707,risingwavelabs/risingwave,issue,MQTT source with wildcard topic may lose data.,no,,,,,,,,,,,"MQTT has no history, so data sent before a subscription exists is lost; source design issue."
41,https://github.com/denoland/deno/issues/19041,denoland/deno,issue,WebSocket dropping messages when many are sent,no,,,,,,,,,,,WebSocket write ordering bug in fastwebsockets upgrade; not cancellation.
42,https://github.com/cloudflare/pingora/pull/797,cloudflare/pingora,pr,fix(proxy): Race cache lock wait against client disconnect detection,no,,,,,,,,,,,Feature/perf fix: adds select so a cache-lock wait is abandoned on client disconnect. It introduces cancellation rather than fixing a cancellation bug.
43,https://github.com/vectordotdev/vector/issues/13211,vectordotdev/vector,issue,S3 sink stopped working in 0.22 and lost events,no,,,,,,,,,,,AWS SDK IMDS redirect credential failure; events dropped after failure. Not cancellation.
44,https://github.com/MaterializeInc/materialize/pull/28947,MaterializeInc/materialize,pr,storage: fix high CPU usage in `Instance::recv`,no,,,,,,,,,,,"High CPU from FuturesUnordered recreated per recv; perf, not cancellation."
45,https://github.com/tokio-rs/tokio/issues/6544,tokio-rs/tokio,issue,tokio::time::interval is not working,no,,,,,,,,,,,User select misuse: branch completes immediately; maintainers say use an if precondition. Not a cancellation bug.
46,https://github.com/vectordotdev/vector/pull/17380,vectordotdev/vector,pr,Improve tokio::select behavior for kafka source and finalizers,no,,,,,,,,,,,"Biased select plus finalizer reorder to prevent unbounded growth under load; fairness, not cancellation."
47,https://github.com/qdrant/qdrant/pull/2907,qdrant/qdrant,pr,Simple cancellation in shard snapshot transfer,no,,,,,,,,,,,Feature: adds CancellationToken checks to shard snapshot transfer; no bug.
48,https://github.com/denoland/deno/issues/10854,denoland/deno,issue,HTTP server: client disconnect should call `response.body?.cancel?.()`,adjacent,,,,,,,,,,,"Client disconnect is not propagated to response body cancel() promptly; missing cancellation propagation (JS streams), not harm from destroying a future."
49,https://github.com/quinn-rs/quinn/pull/2220,quinn-rs/quinn,pr,feat: Make the future returned by `SendStream::stopped` static,no,,,,,,,,,,,Feature making the SendStream::stopped future 'static; the race discussed in review was never shipped.
50,https://github.com/qdrant/qdrant/pull/8159,qdrant/qdrant,pr,Fix flaky test_cancel_optimization,no,,,,,,,,,,,"Flaky test assertion: early-cancelled optimizations are intentionally not logged; test relaxed, no product bug."
51,https://github.com/MaterializeInc/materialize/pull/35681,MaterializeInc/materialize,pr,pgwire: fix flaky pgwire metrics by biasing select! in send_rows,no,,,,,,,,,,,select branch-choice nondeterminism means a metric is skipped; recv is cancel-safe and no state is lost through dropping. Fixed with biased.
52,https://github.com/neondatabase/neon/pull/135,neondatabase/neon,pr,don't open log files multiple times,no,,,,,,,,,,,Log file opened multiple times; not async.
53,https://github.com/denoland/deno/issues/34369,denoland/deno,issue,`npm:postgres` queries inside `Deno.serve` stall ~30 s on 2.8.0 (regressed from 2.7.14),no,,,,,,,,,,,"Deno 2.8 serve stall caused by a missing runtime wake after direct dispatch; a lost-wakeup regression, not cancellation."
54,https://github.com/risingwavelabs/risingwave/pull/25604,risingwavelabs/risingwave,pr,fix(meta): unregister aborted initial job tables,adjacent,,,,,,,,,,,"DDL abort (CREATE failed or DROP/CANCEL of an Initial job) deletes catalog rows without unregistering Hummock table ids. A job-level cancellation cleanup path, cooperative/command-driven; no polled future destroyed."
55,https://github.com/n0-computer/iroh/pull/4460,n0-computer/iroh,pr,fix(iroh): drain relay tasks with join_next instead of join_all,yes,runtime,n/a,teardown,panic,,no,shutdown,library,failure,,"Merged fix, observed panic 'task 149 was cancelled': the embedder drops the tokio runtime during close_all_active_relays, remaining tasks are cancelled, and JoinSet::join_all panics on JoinError::Cancelled. The cancellation outcome is mishandled at teardown; runtime-internal, so phase n/a."
56,https://github.com/tokio-rs/tokio/pull/8226,tokio-rs/tokio,pr,util: implement cancellation token getter for drop guard,no,,,,,,,,,,,Feature: DropGuard::token getter.
57,https://github.com/risingwavelabs/risingwave/issues/19349,risingwavelabs/risingwave,issue,bug: frontend node somehow disconnects from meta node when creating multiple CDC tables of a single CDC source,no,,,,,,,,,,,False alarm: infra disconnect / OOM.
58,https://github.com/tokio-rs/axum/issues/3359,tokio-rs/axum,issue,resource leak maybe exist in websocket,no,,,,,,,,,,,"User report of lingering ESTABLISHED sockets after WebSocket close; unconfirmed, closed as not an axum bug."
59,https://github.com/tokio-rs/axum/pull/3831,tokio-rs/axum,pr,fix(serve): include WebSocket tasks in graceful shutdown,adjacent,,,,,,,,,,,"Spawned WebSocket handler tasks are not tracked by graceful shutdown and outlive it; detached-task lifecycle, no future destroyed (open PR)."
60,https://github.com/quinn-rs/quinn/issues/2153,quinn-rs/quinn,issue,"quinn stream is 10x slower then TCP/UDP, what could be wrong?",no,,,,,,,,,,,QUIC throughput / BDP question.
61,https://github.com/tokio-rs/tokio/issues/6519,tokio-rs/tokio,issue,Bad completion of some futures in io::copy_bidirectional,no,,,,,,,,,,,copy_bidirectional issue caused by the user's poll_flush contract violation; closed not_planned.
62,https://github.com/n0-computer/iroh/pull/4138,n0-computer/iroh,pr,fix(iroh): don't block socket actor loop on address lookups,no,,,,,,,,,,,"Actor loop blocked by an await on address lookup; liveness from blocking, not cancellation."
63,https://github.com/vectordotdev/vector/pull/23635,vectordotdev/vector,pr,enhancement(nats source): call `drain()` during shutdown,adjacent,,,,,,,,,,,"NATS source unsubscribed on shutdown, dropping in-flight/pending messages; changed to drain(). Shutdown-path handling of subscription (non-future handle), enhancement."
64,https://github.com/denoland/deno/issues/18167,denoland/deno,issue,AbortSignal for client disconnect,no,,,,,,,,,,,Feature request: abort signal on client disconnect.
65,https://github.com/databendlabs/databend/issues/20455,databendlabs/databend,issue,bug: materialized CTE fails when one consumer reaches LIMIT early,adjacent,,,,,,,,,,,"A materialized-CTE consumer hitting LIMIT closes early; the producer's send to the closed consumer fails the whole query. Early close of a consumer channel (non-future handle), not a destroyed polled future."
66,https://github.com/neondatabase/neon/pull/10994,neondatabase/neon,pr,walproposer: send valid timeline_start_lsn in v2,no,,,,,,,,,,,Protocol compatibility: timeline_start_lsn sent as 0.
67,https://github.com/n0-computer/iroh/pull/2914,n0-computer/iroh,pr,fix(iroh-net): Make sure the rtt-actor is shutdown correctly,adjacent,,,,,,,,,,,rtt-actor task not shut down when the endpoint is dropped (select else-branch never ran); fixed by abort-on-drop. Detached task lifecycle.
68,https://github.com/tokio-rs/tokio/issues/4618,tokio-rs/tokio,issue,Notify loses notifications,no,,,,,,,,,,,"Notify reportedly loses notifications when Notified is dropped; it was user error (a pinned reference, not a drop)."
69,https://github.com/MaterializeInc/materialize/pull/31938,MaterializeInc/materialize,pr,persist-client: avoid short-lived `FuturesUnordered`,no,,,,,,,,,,,Performance: short-lived FuturesUnordered causing CPU spin.
70,https://github.com/neondatabase/neon/issues/3108,neondatabase/neon,issue,Broker loses too many messages,no,,,,,,,,,,,Broker subscription went stale and dropped messages on a full channel; fixed with keepalives. Not cancellation.
71,https://github.com/paritytech/polkadot-sdk/issues/1499,paritytech/polkadot-sdk,issue,"libp2p may be falsely re-establishing connections for reserved peers, or dropping messages",no,,,,,,,,,,,libp2p reserved-peer reconnect produces one-sided substreams; networking state bug.
72,https://github.com/neondatabase/neon/issues/3746,neondatabase/neon,issue,root-cause `task iteration took longer than the configured period` messages afer ap-southeast-1 restart on 2023-03-03,no,,,,,,,,,,,Slow compaction iterations from on-demand downloads; investigation only.
73,https://github.com/neondatabase/neon/pull/4678,neondatabase/neon,pr,Wait detaches or ignores on pageserver shutdown,adjacent,,,,,,,,,,,"Pageserver shutdown did not wait for in-progress detach/ignore tenant shutdowns (#4429); fixed with a completion barrier. Shutdown coordination, no destroyed future."
74,https://github.com/denoland/deno/issues/22185,denoland/deno,issue,thread 'main' panicked at ext\websocket\lib.rs:723:29: called `Option::unwrap()` on a `None` value,no,,,,,,,,,,,"WebSocket unwrap-on-None panic, fixed by #21849; the issue shows no cancellation mechanism."
75,https://github.com/n0-computer/iroh/pull/2940,n0-computer/iroh,pr,fix:  remove problematic usage of `else` branches in `tokio::select`s,adjacent,,,,,,,,,,,"select else branches never ran, so actors did not exit on channel close / endpoint drop; task lifecycle on owner drop, no harmful destruction."
76,https://github.com/denoland/deno/pull/33855,denoland/deno,pr,fix(ext/node): avoid retaining sync writev chunks,no,,,,,,,,,,,node:http writev chunk retention (memory); superseded; not cancellation.
77,https://github.com/quinn-rs/quinn/issues/1904,quinn-rs/quinn,issue,`SendStream::stopped` suffers excessive delay in terminating with `ZeroRttRejected`,no,,,,,,,,,,,SendStream::stopped slow to resolve after 0-RTT rejection (missing wakeup); not cancellation.
78,https://github.com/MaterializeInc/materialize/pull/35008,MaterializeInc/materialize,pr,orchestrator-process: fix TCP proxy,no,,,,,,,,,,,"select pattern mismatch leaves the FuturesUnordered undriven until a new accept arrives; liveness from select semantics, but no future is destroyed."
79,https://github.com/hyperium/hyper/issues/1764,hyperium/hyper,issue,100% CPU usage on client disconnection when serving a streamed response,no,,,,,,,,,,,hyper CPU spin on half-closed socket; configuration (http1_half_close).
80,https://github.com/neondatabase/neon/pull/5761,neondatabase/neon,pr,Support custom types in broker,no,,,,,,,,,,,Feature: custom broker message types.
81,https://github.com/vectordotdev/vector/issues/10435,vectordotdev/vector,issue,Cease processing events where the client has disconnected,adjacent,,,,,,,,,,,"Idea: client disconnect (e.g. HTTP request timeout, rebalance) is not propagated, so Vector still processes the events and duplicates them on retry. Missing cancellation propagation; no destroyed future and no fix."
82,https://github.com/cloudflare/pingora/pull/800,cloudflare/pingora,pr,fix(proxy): Race cache lock wait against client disconnect detection,dup,,,,,,,,,,https://github.com/cloudflare/pingora/pull/797,"Same change and text as F042 (pingora#797), re-submitted as #800."
83,https://github.com/neondatabase/neon/pull/12402,neondatabase/neon,pr,Don't await the walreceiver on timeline shutdown,adjacent,,,,,,,,,,,"Timeline shutdown awaited the walreceiver and hung tests; reverted to cancel without awaiting, accepting the ingest-vs-final-flush race. Cooperative shutdown ordering."
84,https://github.com/libp2p/rust-libp2p/issues/2461,libp2p/rust-libp2p,issue,Websocket yamux regression in v0.42,no,,,,,,,,,,,"yamux flush not fully awaited in the next() loop (fixed in yamux#130); poll-driving bug, no future destroyed."
85,https://github.com/risingwavelabs/risingwave/pull/4834,risingwavelabs/risingwave,pr,feat(stream): actor poll storage control channel concurrently with actor run,no,,,,,,,,,,,Feature: actor polls the storage control channel concurrently.
86,https://github.com/tokio-rs/tokio/issues/5896,tokio-rs/tokio,issue,Unexpected Behavior of Notify::notify_waiters() in select! Block,no,,,,,,,,,,,User error: Notified created after notify_waiters; recommended CancellationToken.
87,https://github.com/tokio-rs/tokio/pull/8252,tokio-rs/tokio,pr,time: fix alt timer leaking cancelled entries into the wheel,yes,runtime,n/a,nothing,leak,,no,select,library,review,,Merged fix (with loom test follow-up #8302): a Sleep dropped (losing select branch / timeout) before the worker moves it into the wheel sets only the cancelled bit; the entry is still inserted and can never be removed. Runtime-internal leak found by analysis.
88,https://github.com/tokio-rs/tokio/issues/545,tokio-rs/tokio,issue,Recover a future from expired Deadline,no,,,,,,,,,,,"Feature request: recover the inner future from an expired Deadline/Timeout; an API wish, no bug."
89,https://github.com/tokio-rs/tokio/pull/7436,tokio-rs/tokio,pr,runtime: fix handling of cancelled Ops,yes,runtime,n/a,teardown,liveness,,no,owner_dropped,library,review,,"Merged fix: an io_uring Op that completed but is dropped before re-poll (e.g. runtime shutdown) moves Completed -> Cancelled, and the uring context then waits forever (deadlock). Found in PR review (#7321). Runtime-internal, so phase n/a."
90,https://github.com/databendlabs/databend/issues/1082,databendlabs/databend,issue,[bug] server destroy_idle_sessions hang when shutdown,no,,,,,,,,,,,"Ctrl+C shutdown hang, fixed in #1075; the thread shows no cancellation mechanism, and the second hang could not be reproduced."
91,https://github.com/denoland/deno/issues/29799,denoland/deno,issue,node:http's doesn't trigger 'close' events when the client disconnects.,adjacent,,,,,,,,,,,"node:http compat: client disconnect is not propagated to the 'close' event, leaking SSE handlers. Missing cancellation signal propagation."
92,https://github.com/neondatabase/neon/pull/3026,neondatabase/neon,pr,refactor: use new type LayerFileName when referring to layer file names in PathBuf/RemotePath,no,,,,,,,,,,,Refactor: LayerFileName type.
93,https://github.com/neondatabase/neon/pull/9851,neondatabase/neon,pr,page_service: rewrite batching to work without a timeout,no,,,,,,,,,,,"Feature: pipelined batching; the review catch was a missing wake on panic/drop in the new spsc primitive, fixed pre-merge, not a cancellation bug."
94,https://github.com/cloudflare/pingora/pull/949,cloudflare/pingora,pr,"fix: surface aborted partial cache writers as errors, not clean EOF",yes,shared_object,in_progress,others,corruption,loss,no,owner_dropped,library,review,,"Open PR with a regression reproducer (#932): a cache-miss writer dropped/cancelled before finish() makes the partial-hit reader treat the sender drop as clean EOF, so clients get a truncated body that looks complete. The shared partial cache entry is left mid-write."
95,https://github.com/tokio-rs/tokio/issues/3512,tokio-rs/tokio,issue,Future does not seem to be polled even though other future is being awaited,no,,,,,,,,,,,User code deadlock; closed as user error.
96,https://github.com/oxidecomputer/omicron/issues/9259,oxidecomputer/omicron,issue,Nexus node timing out on API requests,adjacent,,,,,,,,,,,"Futurelock (omicron#9259): a select-held qorb claim future owning an mpsc permit was not polled while another branch awaited, blocking the pool. The codebook treats futurelock as adjacent; fixed by #9268."
97,https://github.com/denoland/deno/issues/17283,denoland/deno,issue,WebSocket crash,no,,,,,,,,,,,"WebSocket broken-pipe error crashes the server; error handling, duplicate of #16676."
98,https://github.com/neondatabase/neon/pull/9462,neondatabase/neon,pr,safekeeper: refactor `WalAcceptor` to be event-driven,no,,,,,,,,,,,Refactor to event-driven WalAcceptor; timer perf.
99,https://github.com/neondatabase/neon/pull/8256,neondatabase/neon,pr,pageserver: downgrade stale generation messages to INFO,no,,,,,,,,,,,Log-level change for stale generations.
100,https://github.com/libp2p/rust-libp2p/issues/5213,libp2p/rust-libp2p,issue,WebRTC connection doesn't close after timeout,no,,,,,,,,,,,WebRTC connection close not detected; transport bug.
101,https://github.com/redis-rs/redis-rs/pull/633,redis-rs/redis-rs,pr,"Split stream async pubsub, and impl Stream for PubSub",no,,,,,,,,,,,"Feature PR (split pubsub), unmerged; the user example hang was a select re-creating futures in user code, not the library bug under study."
102,https://github.com/denoland/deno/pull/26761,denoland/deno,pr,feat(ext/http): abort signal when request is cancelled,adjacent,,,,,,,,,,,"Deno http: fire the request AbortSignal on client cancel (#21653); cancellation propagation feature, no destroyed-future harm."
103,https://github.com/neondatabase/neon/issues/6373,neondatabase/neon,issue,tokio-epoll-uring: root-cause hung pageserver rust unit tests,no,,,,,,,,,,,Hung unit tests from memlock OOM in tokio-epoll-uring.
104,https://github.com/qdrant/qdrant/pull/8651,qdrant/qdrant,pr,fix: propagate flush cancellation through payload index flushers,adjacent,,,,,,,,,,,A flush cancelled because the payload index (gridstore) was dropped was mapped to a fatal ServiceError; error classification for a dropped non-future object.
105,https://github.com/neondatabase/neon/pull/11241,neondatabase/neon,pr,"tests: suppress ""Cancelled request finished with an error"" in test_timeline_archive",no,,,,,,,,,,,Test log suppression.
106,https://github.com/hyperium/hyper/pull/3205,hyperium/hyper,pr,fix(client): run `connect_to` to completion even if `ResponseFuture` is canceled,yes,dropped_future,in_progress,others,collateral_failure,,no,owner_dropped,library,failure,,"Open PR with a regression test, fixing issue #3199 as the maintainer suggested: dropping the ResponseFuture cancels the in-flight connect_to future, so every other HTTP/2 request waiting on that shared connection errors. Fix spawns connect_to to completion."
107,https://github.com/paritytech/polkadot-sdk/pull/2132,paritytech/polkadot-sdk,pr,Convert `SyncingEngine::run` to use `tokio::select!` instead of polling,no,,,,,,,,,,,Refactor polling to select; fixes dropped block announcements through fairness.
108,https://github.com/denoland/deno/issues/35352,denoland/deno,issue,flaky: integration::watcher::serve_watch_parallel_stops_old_workers on windows-x86_64,no,,,,,,,,,,,Flaky Windows test (connection refused on startup).
109,https://github.com/denoland/deno/pull/14317,denoland/deno,pr,fix: `--watch` was losing items,yes,dropped_future,effect_unrecorded,reuse,loss,,no,select,app,review,,"Merged fix: the file-watcher debouncer recv() is not cancel-safe inside tokio::select; items already drained into the dropped recv future are lost when the other branch wins. Preemptive fix (reviewer: no reliable test), prompted by expected flakiness of #14314."
110,https://github.com/neondatabase/neon/pull/2884,neondatabase/neon,pr,Consumption metering RFC,no,,,,,,,,,,,RFC for metering.
111,https://github.com/tokio-rs/tokio/issues/8199,tokio-rs/tokio,issue,tokio::select! never return pattern,no,,,,,,,,,,,Feature request: never pattern in select!.
112,https://github.com/vectordotdev/vector/pull/12580,vectordotdev/vector,pr,fix(config): Continue polling http config after error,no,,,,,,,,,,,HTTP config polling loop exits on error; control flow.
113,https://github.com/tokio-rs/tokio/issues/4588,tokio-rs/tokio,issue,`!Send` future in `tokio::main` deadlock in locking locked mutex,no,,,,,,,,,,,Deadlock from holding a std Mutex across await in a !Send future; not cancellation.
114,https://github.com/risingwavelabs/risingwave/pull/6658,risingwavelabs/risingwave,pr,fix(storage): make ordered merge iter cancellation safe,yes,dropped_future,in_progress,reuse,panic,,no,other,library,failure,,"Merged fix for observed panic #6637: OrderedMergeIterator pops all same-key nodes out of the heap, then awaits advancing them. If that future is cancelled, the nodes are dropped with it and the reused iterator is inconsistent, panicking on key(). Reproducer given in the PR. Cancel trigger not specified in the thread."
115,https://github.com/hyperium/hyper/issues/2787,hyperium/hyper,issue,Graceful shutdown never stops the server when there is an open sse connection,adjacent,,,,,,,,,,,"Graceful shutdown never finishes while a long-lived SSE body is open; no forced cancellation of connections. Shutdown-liveness design, no destroyed future."
116,https://github.com/vectordotdev/vector/pull/25892,vectordotdev/vector,pr,fix(redis source): add reconnecting pubsub session for channel `data_type`,no,,,,,,,,,,,Redis source reconnect loop feature/fix after connection drop.
117,https://github.com/cloudflare/pingora/issues/314,cloudflare/pingora,issue,Allow cancelling caching when all downstreams disconnect prematurely,no,,,,,,,,,,,Enhancement: allow cancelling cache fill when all downstreams disconnect; no bug.
118,https://github.com/denoland/deno/issues/36417,denoland/deno,issue,`deno bundle` silently deadlocks with its esbuild service under CPU starvation (both at 0% CPU forever),no,,,,,,,,,,,deno bundle / esbuild IPC deadlock under CPU starvation; not cancellation.
119,https://github.com/risingwavelabs/risingwave/issues/26275,risingwavelabs/risingwave,issue,"meta: an unreachable CDC source's `on_tick` holds SourceManager locks across an await, stalling barrier completion and epoch commit cluster-wide",no,,,,,,,,,,,"Lock held across a slow await in on_tick stalls barriers; blocking, not cancellation."
120,https://github.com/tokio-rs/tokio/issues/3117,tokio-rs/tokio,issue,Hang with LocalSet,no,,,,,,,,,,,"LocalSet not woken by spawn_local while run_until is pending (fixed #3369); missing wakeup, no future destroyed."
121,https://github.com/vectordotdev/vector/pull/24278,vectordotdev/vector,pr,"fix(gcp_pubsub source): fix metrics, shutdown behavior, re-enable IT tests",adjacent,,,,,,,,,,,"gcp_pubsub: on shutdown the finalizer stream terminates, dropping pending acks, and the select loop spins/hangs. Cooperative shutdown-signal handling, no destroyed polled future; open PR."
122,https://github.com/tokio-rs/tokio/issues/7805,tokio-rs/tokio,issue,Races with `tokio::signal::ctrl_c` are non-trivial to avoid,adjacent,,,,,,,,,,,"Race registering ctrl_c before a critical section when abort-and-rollback is used; API usability, no product bug."
123,https://github.com/denoland/deno/issues/35292,denoland/deno,issue,Deno.Conn.close() doesn't cancel an in-flight read or send FIN; socket leaks until process exit,adjacent,,,,,,,,,,,"Deno.Conn.close() does not cancel an in-flight read op, so the socket leaks; closing a non-future resource fails to cancel pending work."
124,https://github.com/neondatabase/neon/pull/5766,neondatabase/neon,pr,"chore(layer): restore logging, doc changes",no,,,,,,,,,,,Logging restoration.
125,https://github.com/denoland/deno/pull/20641,denoland/deno,pr,fix(ext/http): ensure that resources are closed when request is cancelled,adjacent,,,,,,,,,,,"Ensure http resources are closed when the request is cancelled (client disconnect, #10854); cleanup/propagation on cancellation of a JS-level request, with no destroyed-future harm described."
126,https://github.com/neondatabase/neon/pull/3576,neondatabase/neon,pr,Remove synchronous postgres_backend,no,,,,,,,,,,,"Refactor: remove sync postgres_backend; makes IO cancel-safe preemptively, no bug reported."
127,https://github.com/grpc/grpc-rust/pull/2588,grpc/grpc-rust,pr,fix(transport): wrap connection_timeout in Fuse to prevent panic on,no,,,,,,,,,,,"select loop re-polls a completed connection_timeout future ('async fn resumed after completion' panic); a fused-future bug, not cancellation."
128,https://github.com/qdrant/qdrant/pull/8862,qdrant/qdrant,pr,fix(replica_set): release local read guard around deferred-points wait,adjacent,,,,,,,,,,,"Deferred-points wait never ends: the closed feedback sender is not awaited, and client disconnect does not cancel the update future. Missing cancellation propagation / liveness."
129,https://github.com/oxidecomputer/omicron/issues/7835,oxidecomputer/omicron,issue,sled_add eats the error,no,,,,,,,,,,,Error message swallowed in sled_add; the 'handler already cancelled' log is incidental.
130,https://github.com/databendlabs/databend/pull/17999,databendlabs/databend,pr,refactor(meta-semaphore): release meta semapore immediately after permit is dropped,no,,,,,,,,,,,Semaphore release latency refactor (perf).
131,https://github.com/n0-computer/iroh/pull/2916,n0-computer/iroh,pr,fix: rework client counters on the relay,no,,,,,,,,,,,"Relay counter rework, unmerged."
132,https://github.com/vectordotdev/vector/pull/14846,vectordotdev/vector,pr,fix(kafka/file source): avoid duplicate message processing caused by acknowledgement stream shutdown handling,adjacent,,,,,,,,,,,"Finalizer stream stops on the global shutdown signal, abandoning buffered acks and causing duplicate reprocessing (#14761). Cooperative shutdown-signal handling; PR unmerged."
133,https://github.com/denoland/deno/issues/33166,denoland/deno,issue,"Deno throws unhandled exception, when streams used through H3 webserver are closed by client",adjacent,,,,,,,,,,,"SSE stream closed by the client surfaces an unhandled 'Interrupted' exception in h3 on Deno; error handling of cancellation at the JS layer, fix left to h3 upstream."
134,https://github.com/quinn-rs/quinn/issues/2309,quinn-rs/quinn,issue,Underflow in InFlight::remove,no,,,,,,,,,,,quinn InFlight underflow logic error.
135,https://github.com/denoland/deno/issues/27129,denoland/deno,issue,"deno init --npm vite doesn't exit after ""Done"" until you press Enter",no,,,,,,,,,,,deno init not exiting (pending read ref).
136,https://github.com/oxidecomputer/dropshot/issues/914,oxidecomputer/dropshot,issue,"end-of-request USDT probes, log entries don't always happen",yes,other_task,effect_unrecorded,nothing,invariant,,yes,owner_dropped,library,failure,,"Maintainer-filed issue, fixed: with HandlerTaskMode::Detached, a client disconnect cancels the hyper request task while the detached handler runs to completion, so the end-of-request log and USDT probes (emitted in the cancelled task) never fire. Noticed while debugging an incident."
137,https://github.com/neondatabase/neon/issues/5826,neondatabase/neon,issue,test_tenant_detach_smoke is flaky: Error processing HTTP request: InternalServerError(cancelled,no,,,,,,,,,,,"Flaky test log assertion about a 'cancelled' error; closed as no longer seen, no mechanism established."
138,https://github.com/hyperium/hyper/issues/3792,hyperium/hyper,issue,Gracefully shutting down a TLS server sometimes leads to the client not receiving a response,adjacent,,,,,,,,,,,"Graceful shutdown closes connections whose request bytes hyper has not yet read, so clients get IncompleteMessage; shutdown semantics around connection close, no destroyed future identified."
139,https://github.com/neondatabase/neon/pull/10677,neondatabase/neon,pr,safekeeper: fix wal fan-out shard subscription data race,no,,,,,,,,,,,"Data race between select arms on a stale cursor position; logic ordering, not cancellation."
140,https://github.com/hyperium/hyper/pull/1573,hyperium/hyper,pr,feat(https): Quick cancel on RST_STREAM,no,,,,,,,,,,,Feature: cancel service future quickly on RST_STREAM.
141,https://github.com/hyperium/hyper/pull/3290,hyperium/hyper,pr,fix(http2/client): avoid double-polling a Select future,no,,,,,,,,,,,"hyper h2 client double-polls a Select future (panic); polling after completion, not cancellation."
142,https://github.com/grpc/grpc-rust/issues/2522,grpc/grpc-rust,issue,async fn resumed after completion in serve_connection,no,,,,,,,,,,,tonic 'async fn resumed after completion' panic from re-polling a completed timeout future in the loop.
143,https://github.com/grpc/grpc-rust/pull/2744,grpc/grpc-rust,pr,tonic-xds/xds-client: client permanently stuck on stale endpoints after backend pod rotation — no keepalives or connect timeouts anywhere in the xDS path,no,,,,,,,,,,,xDS client stuck on stale endpoints (no keepalives/connect timeouts).
144,https://github.com/qdrant/qdrant/pull/9233,qdrant/qdrant,pr,Attempt to fix flaky test_hw_metrics_cancellation test,no,,,,,,,,,,,Flaky test: search timeout before spawn_blocking starts; test-only mitigation.
145,https://github.com/oxidecomputer/omicron/pull/9612,oxidecomputer/omicron,pr,TQ: Fix potential infinite read loop and tokio hang,no,,,,,,,,,,,Read loop spinning on 0-byte reads wedges the runtime; not cancellation.
146,https://github.com/MaterializeInc/materialize/pull/22034,MaterializeInc/materialize,pr,compute: ensure compute controller response delivery when clusters are dropped,adjacent,,,,,,,,,,,"Controller responses buffered per Instance were lost when the cluster's Instance object was dropped, leaking dependency state. A dropped non-future object loses pending messages."
147,https://github.com/databendlabs/databend/issues/16481,databendlabs/databend,issue,bug: Query Error when one query pod is shutdown in cluster,no,,,,,,,,,,,"Query fails when a pod shuts down; expected, client must retry."
148,https://github.com/tokio-rs/tokio/issues/6971,tokio-rs/tokio,issue,starving timeout with `async_io` on closed connections,no,,,,,,,,,,,async_io misuse blocks the thread so the timeout never fires; API contract violation.
149,https://github.com/denoland/deno/issues/35824,denoland/deno,issue,Unable to Terminate Deno Process when using Watch,no,,,,,,,,,,,Ctrl+C in watch mode not terminating a busy JS loop; signal handling regression.
150,https://github.com/oxidecomputer/omicron/pull/7097,oxidecomputer/omicron,pr,Spawn a task in `oximeter` to actually do the collection,no,,,,,,,,,,,"oximeter collection in-line blocks address updates; restructured into spawned abortable tasks. Liveness design, no cancellation bug."
151,https://github.com/hyperium/hyper/issues/4122,hyperium/hyper,issue,Body dropped too late when an h1 handshake hits an error,no,,,,,,,,,,,"hyper request body dropped late after h1 handshake error, from channel send/close sequencing; not a destroyed future."
152,https://github.com/tokio-rs/tokio/issues/2039,tokio-rs/tokio,issue,Wait for all detached tasks,no,,,,,,,,,,,Feature request: wait for detached tasks on runtime drop (documented behaviour).
153,https://github.com/hyperium/hyper/issues/3759,hyperium/hyper,issue,Infinite (SSE) streams always raises hyper::Error(IncompleteMessage) / connection closed before message completed,no,,,,,,,,,,,IncompleteMessage error reported on client disconnect of an infinite body; error classification.
154,https://github.com/risingwavelabs/risingwave/issues/26075,risingwavelabs/risingwave,issue,bug(cdc/postgres): zombie walsender process locking postgres replication slot,adjacent,,,,,,,,,,,"Java Debezium runner stop() is non-blocking (interrupt-only), so zombie threads keep the replication slot locked. Cooperative stop that does not wait; not Rust future cancellation."
155,https://github.com/tokio-rs/tokio/pull/5822,tokio-rs/tokio,pr,sync::broadcast: reduce memory usage by calling drop earlier,no,,,,,,,,,,,"Memory optimization PR, unmerged."
156,https://github.com/grpc/grpc-rust/issues/1249,grpc/grpc-rust,issue,Detect UDS client disconnection,no,,,,,,,,,,,Feature request: detect UDS client disconnection.
157,https://github.com/denoland/deno/issues/23678,denoland/deno,issue,Fixed by #23425 — how to use req.signal to check that the response was delivered to the client?,no,,,,,,,,,,,Usage question about req.signal / completed.
158,https://github.com/quinn-rs/quinn/issues/454,quinn-rs/quinn,issue,Return ownership of messages on network error,no,,,,,,,,,,,Feature request: return queued data on connection error.
159,https://github.com/qdrant/qdrant/pull/9760,qdrant/qdrant,pr,Fix `SetRepicaState(Dead)`/`Transfer::Abort`/`Resharding::Abort`,no,,,,,,,,,,,"Partial-failure safety / idempotency of abort operations (ordering of state writes); failure-atomicity, not cancellation."
160,https://github.com/hyperium/hyper/issues/3070,hyperium/hyper,issue,http2 connections on localhost produce 'connection error: not connected' error on client close,no,,,,,,,,,,,ENOTCONN on fast local close; expected.
161,https://github.com/tokio-rs/tokio/issues/7714,tokio-rs/tokio,issue,Value sent through `mpsc::Permit` should be immediately dropped when receiver is already dropped,adjacent,,,,,,,,,,,"A value sent via mpsc Permit after the receiver is dropped is retained, not dropped; the drop invariant around a dropped channel handle (non-future)."
162,https://github.com/denoland/deno/issues/28632,denoland/deno,issue,Uncaught AbortError with Deno.serve,adjacent,,,,,,,,,,,"Uncaught AbortError when a request is cancelled in Deno.serve (legacy abort behaviour); JS-level cancellation error surfacing, no reliable repro."
163,https://github.com/neondatabase/neon/pull/2710,neondatabase/neon,pr,Refactor layer flushing task,no,,,,,,,,,,,Refactor flush loop task.
164,https://github.com/neondatabase/neon/issues/8542,neondatabase/neon,issue,Partial upload is not working well together will pull_timeline,no,,,,,,,,,,,pull_timeline copies partial-segment references between safekeepers; state design bug.
165,https://github.com/hyperium/hyper/issues/2113,hyperium/hyper,issue,Panic: dispatch dropped without returning error,yes,dropped_future,in_progress,others,panic,,no,shutdown,library,failure,,Observed panic 'dispatch dropped without returning error'. Maintainers confirm it occurs when the executor/runtime drops the connection dispatch task mid-request (e.g. rusoto's thread-local client outliving its runtime): the pending request callback is dropped and the awaiting caller panics. Closed completed.
166,https://github.com/databendlabs/databend/pull/8333,databendlabs/databend,pr,fix(processor): try fix lost last message if finish at same time,no,,,,,,,,,,,Pipeline port race loses last message when finishing concurrently; not future cancellation.
167,https://github.com/risingwavelabs/risingwave/pull/24286,risingwavelabs/risingwave,pr,feat(meta): support drop/cancel creating snapshot backfill job,no,,,,,,,,,,,Feature: drop/cancel snapshot backfill job.
168,https://github.com/tokio-rs/tokio/pull/216,tokio-rs/tokio,pr,Handle futures that panic on a threadpool,no,,,,,,,,,,,Handle panicking futures in the threadpool; panic isolation.
169,https://github.com/tokio-rs/tokio/issues/6669,tokio-rs/tokio,issue,Waiting for things to shut down - 2,no,,,,,,,,,,,Feature request: wait for tasks on shutdown.
170,https://github.com/neondatabase/neon/issues/5007,neondatabase/neon,issue,EphemeralFile::write_blob: behavior in case of errors is unspecified / broken / unretyable,no,,,,,,,,,,,"write_blob partial-write state on I/O error; error-path atomicity, not cancellation."
171,https://github.com/tokio-rs/tokio/issues/3825,tokio-rs/tokio,issue,make sync::Notify be used in a select loop,no,,,,,,,,,,,Notify usage question in a select loop.
172,https://github.com/tokio-rs/tokio/issues/2565,tokio-rs/tokio,issue,unresolved future tokio::time::interval within tokio::select,no,,,,,,,,,,,User misunderstanding of await ordering.
173,https://github.com/redis-rs/redis-rs/issues/310,redis-rs/redis-rs,issue,Pubsub loses channel messages when dynamic subscribing channels in the same pubsub,no,,,,,,,,,,,"Sync pubsub: subscribe reads and discards an interleaved pubsub message; protocol interleaving, not cancellation."
174,https://github.com/denoland/deno/issues/33085,denoland/deno,issue,process.send() message may be lost if process.exit() is called immediately (flaky test),no,,,,,,,,,,,"process.send lost when process.exit() is called immediately; exit flush ordering, not future cancellation."
175,https://github.com/risingwavelabs/risingwave/issues/24675,risingwavelabs/risingwave,issue,Critical Stream Starvation in Hummock Timer Task Causes Heartbeat Failures,no,,,,,,,,,,,"Head-of-line blocking in the sequential timer loop causes heartbeat expiry; starvation, not cancellation."
176,https://github.com/denoland/deno/pull/36044,denoland/deno,pr,fix(ext/node): apply backpressure to http2 stream writes,no,,,,,,,,,,,http2 write backpressure; ECANCELED on stream destroy is new design.
177,https://github.com/influxdata/influxdb/issues/1116,influxdata/influxdb,issue,"Stalled daemon (writes okay, but no reads)",no,,,,,,,,,,,InfluxDB (Go) stall; unrelated.
178,https://github.com/grpc/grpc-rust/issues/867,grpc/grpc-rust,issue,Mock example fails when shutdown signal is set,no,,,,,,,,,,,"Mock example panic after server shutdown triggers reconnect; example code, now returns error."
179,https://github.com/libp2p/rust-libp2p/pull/94,libp2p/rust-libp2p,pr,Fix the deadlock in futures-mutex,no,,,,,,,,,,,"futures-mutex deadlock, cause unknown."
180,https://github.com/tokio-rs/tokio/pull/6330,tokio-rs/tokio,pr,fs: Spawn new write task while buf is not empty,no,,,,,,,,,,,"tokio::fs write buffer cleared on flush error (data loss on error path); error semantics, not cancellation."
181,https://github.com/risingwavelabs/risingwave/pull/25121,risingwavelabs/risingwave,pr,fix(source): resolve Kafka backfill/batch hang on transaction control records,no,,,,,,,,,,,Kafka backfill hang on transaction control records; offset semantics.
182,https://github.com/vectordotdev/vector/pull/12248,vectordotdev/vector,pr,fix(kubernetes_logs source): Handle all outcomes in reflector's select!,no,,,,,,,,,,,"select arms not exhaustive, so the reflector loop stopped updating the cache; select pattern handling, not cancellation."
183,https://github.com/denoland/deno/pull/33459,denoland/deno,pr,fix(ext/process): write IPC messages synchronously when possible,no,,,,,,,,,,,"IPC write future never polled before process.exit, losing the message; a never-polled future at exit (codebook: never-awaited -> no)."
184,https://github.com/risingwavelabs/risingwave/issues/27007,risingwavelabs/risingwave,issue,mysql-cdc: finished CDC table enters a recovery loop when upstream MySQL is reachable but binlog is disabled,no,,,,,,,,,,,CDC recovery loop when binlog disabled.
185,https://github.com/vectordotdev/vector/issues/25375,vectordotdev/vector,issue,Kafka sink permanently stuck after leader=-1 metadata response — QRYLEADER: broker is internal: re-query loop never recovers,no,,,,,,,,,,,librdkafka leader=-1 stuck state.
186,https://github.com/neondatabase/neon/pull/5711,neondatabase/neon,pr,pageserver: add `Gate` as a partner to CancellationToken for safe shutdown of `Tenant` & `Timeline`,adjacent,,,,,,,,,,,Adds Gate alongside CancellationToken so shutdown waits for in-flight requests; cooperative shutdown lifecycle infrastructure.
187,https://github.com/oxidecomputer/omicron/pull/3351,oxidecomputer/omicron,pr,"[bootstrap-agent] Split long-running rack-{init,reset} operations",yes,dropped_future,in_progress,retry,invariant,,no,owner_dropped,app,review,,"Merged fix: long-running rack-initialize/reset ran inline in the dropshot handler, so a client disconnect cancelled the handler future mid-operation. Moved into a spawned task with status polling, explicitly to sever it from client-disconnect cancellation. Preventive (no failure reported in the thread)."
188,https://github.com/tokio-rs/tokio/issues/8042,tokio-rs/tokio,issue,x86_64-pc-cygwin: tokio::process stdout/stderr stop after the first chunk,no,,,,,,,,,,,mio poll-backend pipe readiness on Cygwin.
189,https://github.com/neondatabase/neon/pull/7562,neondatabase/neon,pr,Proxy reconnect pubsub before expiration,no,,,,,,,,,,,Periodic redis pubsub reconnect.
190,https://github.com/neondatabase/neon/pull/272,neondatabase/neon,pr,Refactor code to parse transaction commit/abort records,no,,,,,,,,,,,WAL record parsing refactor.
191,https://github.com/denoland/deno/issues/17332,denoland/deno,issue,WebSocket messages are not being sent (again),no,,,,,,,,,,,WebSocket messages not sent beyond 256KB on deploy; closed as no longer happening.
192,https://github.com/databendlabs/databend/pull/20109,databendlabs/databend,pr,fix(query): cancel open private task runs on drop,no,,,,,,,,,,,"Stale EXECUTING task runs after runner OOM block DROP TASK; crash-recovery cleanup, not future cancellation."
193,https://github.com/hyperium/hyper/issues/1099,hyperium/hyper,issue,Server: Handle a closed connection,adjacent,,,,,,,,,,,"Client disconnect does not drop the service future (old dispatcher); missing cancellation propagation, resolved by the new dispatcher."
194,https://github.com/cloudflare/pingora/pull/798,cloudflare/pingora,pr,test: Add standalone reproduction for cache lock client disconnect bug,dup,,,,,,,,,,https://github.com/cloudflare/pingora/pull/797,Standalone reproduction of the same cache-lock client-disconnect issue as F042 (pingora#797).
195,https://github.com/hyperium/hyper/pull/1369,hyperium/hyper,pr,tests(server): Add failing test to demonstrate port exhausting problem,no,,,,,,,,,,,Test for port exhaustion panic; closed.
196,https://github.com/redis-rs/redis-rs/pull/597,redis-rs/redis-rs,pr,Fix AsyncIter Stream trait implementation,yes,dropped_future,in_progress,retry,liveness,,no,other,library,failure,,"Merged fix for reported hangs (#537, #583): AsyncIter's Stream::poll_next created a fresh SCAN future each call and dropped the in-flight one on Pending, so iteration past the first batch could block forever. The library's own poll_next discards a polled, in-progress future."
197,https://github.com/vectordotdev/vector/issues/22026,vectordotdev/vector,issue,Messages getting dropped unintentionally on kafka sink ,no,,,,,,,,,,,Kafka sink drops events on throttling error not classified as retryable.
198,https://github.com/influxdata/influxdb/issues/13425,influxdata/influxdb,issue,Blocked until restarted 'influxd.exe',no,,,,,,,,,,,InfluxDB (Go) blocked writes; unrelated.
199,https://github.com/qdrant/qdrant/pull/6725,qdrant/qdrant,pr,Improve read request handling during partial-snapshot recovery,no,,,,,,,,,,,"Partial-snapshot read-lock redesign; the watch-channel cancel is a design detail, no cancellation bug."
200,https://github.com/hyperium/hyper/pull/1585,hyperium/hyper,pr,fix(client): try to reuse connections when pool checkout wins,yes,dropped_future,in_progress,nothing,leak,,no,select,library,failure,,"Merged fix (alternative to #1584 'Avoid socket thrash', user-reported): when a pool checkout wins the select against an in-progress connect, the connect future was dropped, discarding the half-established connection and causing socket churn. Fix spawns it to completion and pools the result."
201,https://github.com/redis-rs/redis-rs/issues/1236,redis-rs/redis-rs,issue,Blocking operations and aio MultiplexedConnection,no,,,,,,,,,,,Question/feature about blocking ops on MultiplexedConnection and driver lifetime.
202,https://github.com/neondatabase/neon/pull/12591,neondatabase/neon,pr,Introduce built-in Prometheus exporter to the Postgres extension,no,,,,,,,,,,,Feature: Prometheus exporter.
203,https://github.com/tokio-rs/tokio/issues/4908,tokio-rs/tokio,issue,Seems like `read_until` can miss the delimiter byte from time to time,no,,,,,,,,,,,read_until misuse (buffer clearing); closed as user error.
204,https://github.com/qdrant/qdrant/pull/7798,qdrant/qdrant,pr,More graceful handle of flush cancellation,adjacent,,,,,,,,,,,"Flush cancellation error when storage was dropped, handled gracefully in the segment flusher; dropped non-future storage object, consistent with F104."
205,https://github.com/neondatabase/neon/pull/11575,neondatabase/neon,pr,fix(pageserver): check if cancelled before waiting logical size (2/2),adjacent,,,,,,,,,,,"Tenant startup cancelled via token means the logical-size task never spawns, so a waiter on its semaphore hangs; fixed by checking cancelled first. Cooperative token cancellation."
206,https://github.com/meilisearch/meilisearch/pull/6599,meilisearch/meilisearch,pr,fix(search_queue): prune cancelled waiters to prevent spurious TooManySearchRequests,yes,shared_object,not_started,others,collateral_failure,leak,yes,owner_dropped,app,failure,,"PR with a regression test (issue #6508, closed unmerged for template reasons): a search request cancelled while waiting for a permit drops its oneshot receiver, but the queue keeps the sender, so stale waiters count toward capacity and cause spurious TooManySearchRequests for others. The queue outlives the cancelled request."
207,https://github.com/tokio-rs/tokio/pull/4604,tokio-rs/tokio,pr,task: define task_local in underlying future Drop,yes,dropped_future,in_progress,teardown,panic,,no,shutdown,library,failure,,"task_local values are unavailable in the wrapped future's Drop, so code in Drop (e.g. trace-ID logging) fails when futures are dropped at runtime termination. Reported from real use; the maintainer accepted the motivation and fixed it in a replacement PR."
208,https://github.com/neondatabase/neon/pull/7632,neondatabase/neon,pr,proxy: cull http connections,no,,,,,,,,,,,Feature: cull HTTP connections under load.
209,https://github.com/libp2p/rust-libp2p/issues/5060,libp2p/rust-libp2p,issue,Peer closes connection before other peer has read all the data,no,,,,,,,,,,,libp2p stream close before the peer reads all data; transport flush semantics.
210,https://github.com/paritytech/polkadot-sdk/issues/9797,paritytech/polkadot-sdk,issue,tests: conformance::libp2p_disconnects_libp2p_substream is flaky,no,,,,,,,,,,,Flaky conformance test.
211,https://github.com/databendlabs/databend/pull/15582,databendlabs/databend,pr,fix: consume stream inside explicit txn,no,,,,,,,,,,,Stream consume transaction semantics.
212,https://github.com/neondatabase/neon/pull/3764,neondatabase/neon,pr,Make proxy shutdown when all connections are closed,no,,,,,,,,,,,Feature: proxy graceful shutdown on SIGTERM.
213,https://github.com/risingwavelabs/risingwave/pull/5822,risingwavelabs/risingwave,pr,fix(batch): fix dangling channel and prevent receiver from infinite waiting,no,,,,,,,,,,,"Receiver waits forever because a cyclic reference keeps senders alive; lifetime bug, not cancellation."
214,https://github.com/tokio-rs/tokio/issues/5780,tokio-rs/tokio,issue,tokio::time::sleep in tokio::select! wrong behaviour,no,,,,,,,,,,,select branches are concurrent; user misunderstanding.
215,https://github.com/quinn-rs/quinn/issues/2011,quinn-rs/quinn,issue,Connection stuck when `sendmsg` call completes with`EPIPE` on `Darwin`.,no,,,,,,,,,,,QUIC connection stuck after EPIPE on iOS background.
216,https://github.com/seanmonstar/reqwest/issues/949,seanmonstar/reqwest,issue,Reqwest hangs when manually polled in `impl Future` block,yes,dropped_future,in_progress,retry,liveness,,no,other,app,failure,,"User-level hang confirmed by the maintainer: a manual Future::poll creates and drops the reqwest future on every poll; dropping it after Pending cancels it and no wakeup ever comes, so the task hangs. Application code bug, no library fix."
217,https://github.com/denoland/deno/issues/24491,denoland/deno,issue,(jupyter) Deno crashes jupyter kernel when pressing stop button in Notebook,no,,,,,,,,,,,Jupyter stop button kills the kernel; JS execution termination design.
218,https://github.com/n0-computer/iroh/issues/4325,n0-computer/iroh,issue,Datagrams (incl. QUIC handshake packets) silently dropped when RemoteStateActor inbox (cap 16) saturates during concurrent connects - handshake starves to timeout,no,,,,,,,,,,,Datagrams dropped on saturated actor inbox; backpressure/actor liveness.
219,https://github.com/vectordotdev/vector/issues/25746,vectordotdev/vector,issue,Recover from TOPIC_AUTHORIZATION_FAILED,no,,,,,,,,,,,Kafka sink permanent error handling question.
220,https://github.com/neondatabase/neon/issues/7062,neondatabase/neon,issue,Timeline::shutdown can leave a dangling `handle_walreceiver_connection` tokio task,yes,other_task,in_progress,teardown,effect_after_close,,yes,select,app,review,,"Maintainer-filed and fixed: TaskHandle::shutdown (cancel then await the JoinHandle) runs inside a tokio::select! with task_mgr cancellation. If that shutdown future is dropped before the join completes, the handle_walreceiver_connection task keeps running after Timeline::shutdown returns. Found by code inspection."
221,https://github.com/tokio-rs/tokio/issues/2542,tokio-rs/tokio,issue,Budgeting with a conditional check against an always ready stream blocks the condition,no,,,,,,,,,,,"coop budgeting starves a select condition; scheduling/liveness, no destroyed future."
222,https://github.com/denoland/deno/issues/26924,denoland/deno,issue,AbortSignals from Deno fetch do not work on Windows,no,,,,,,,,,,,"AbortSignal on client disconnect not firing on Windows; environment-specific, not reproduced by others."
223,https://github.com/vectordotdev/vector/pull/17497,vectordotdev/vector,pr,fix(kafka source): fix acknowledgement handling during shutdown and rebalance events,adjacent,,,,,,,,,,,"Kafka source drains acknowledgements during rebalance and shutdown (#14761); cooperative shutdown/rebalance coordination, consistent with F132."
224,https://github.com/risingwavelabs/risingwave/pull/26221,risingwavelabs/risingwave,pr,fix(meta): don't panic on hummock timer child cancellation during shutdown,yes,runtime,n/a,teardown,panic,,no,shutdown,app,failure,,"Merged fix for an intermittent shutdown flake: runtime.shutdown_background() aborts detached timer child loops, and the supervisor treats their JoinError::Cancelled as a fatal partial failure and panics. Cancellation outcome mishandled at teardown, same shape as F055."
225,https://github.com/vectordotdev/vector/issues/24193,vectordotdev/vector,issue,"Kafka sink loosing messages, sometimes locks, during reliability testing",no,,,,,,,,,,,Kafka sink drops events under broker outages; retry/error policy.
226,https://github.com/libp2p/rust-libp2p/issues/3574,libp2p/rust-libp2p,issue,WebRTC listener always closes when any browser client disconnects,no,,,,,,,,,,,WebRTC listener closes on a client disconnect error; error classification.
227,https://github.com/vectordotdev/vector/pull/26310,vectordotdev/vector,pr,fix(startup): abort startup and validate on shutdown signals,no,,,,,,,,,,,Feature: abort startup/validate on signals.
228,https://github.com/tokio-rs/tokio/pull/2474,tokio-rs/tokio,pr,WIP: implement cancellation and raw handles,no,,,,,,,,,,,Feature: JoinHandle abort (WIP API).
229,https://github.com/neondatabase/neon/issues/7390,neondatabase/neon,issue,"broker: ""channel is full"" warnings in logs",no,,,,,,,,,,,Broadcast lag warnings; closed not planned.
230,https://github.com/hyperium/hyper/issues/1360,hyperium/hyper,issue, Hyper does not appear to drop chained future on disconnect ,yes,kernel_or_remote,in_progress,nothing,leak,,yes,owner_dropped,library,failure,,"codebook-gap: the dropped object is a response Body (a polled Stream), not a Future. Observed in a proxy: when the client disconnects, the partially read upstream response Body/client is dropped, but the proxy->server connection stays open. The maintainer confirmed and fixed it (Client dropped before response finishes), with a test."
231,https://github.com/quinn-rs/quinn/issues/1906,quinn-rs/quinn,issue,"Dropping `Endpoint` can cause unnecessary ""Incoming dropped without passing to..."" warnings",adjacent,,,,,,,,,,,"Dropping quinn Endpoint with pending Incoming triggers spurious leak warnings; drop of a non-future handle, log-only."
232,https://github.com/tokio-rs/tokio/issues/4556,tokio-rs/tokio,issue,copy_bidirectional not return ,no,,,,,,,,,,,"copy_bidirectional waits for both directions to close; semantics, not cancellation."
233,https://github.com/qdrant/qdrant/pull/8768,qdrant/qdrant,pr, Don't block update queue while waiting for deferred points,no,,,,,,,,,,,Update worker blocked while waiting for deferred points; liveness redesign.
234,https://github.com/databendlabs/databend/issues/20007,databendlabs/databend,issue,Explicit transaction COMMIT retry can leave snapshot statistics row count stale,no,,,,,,,,,,,"Transaction commit retry leaves stale stats; retry logic, not cancellation."
235,https://github.com/oxidecomputer/omicron/pull/11263,oxidecomputer/omicron,pr,Poison ClickHouse connections when they could be desynchronized,yes,shared_object,in_progress,reuse,corruption,mismatch,yes,other,app,review,,"Merged fix: the ClickHouse native protocol has no frame lengths, so a request/response exchange left incomplete (decode error, or the exchange future dropped midway) desynchronizes the pooled connection. A poison flag is set before the exchange and cleared only on success, covering drop, so qorb discards it. Found through code/protocol review."
236,https://github.com/tokio-rs/tokio/issues/7108,tokio-rs/tokio,issue,MPSC queue hangs on repeated polling,no,,,,,,,,,,,MPSC recv returns Pending under coop budget in a hot loop; expected behaviour.
237,https://github.com/n0-computer/iroh/pull/4276,n0-computer/iroh,pr,refactor(iroh-relay)!: Replace AccessConfig enum with AccessControl trait and allow to track connections,no,,,,,,,,,,,Refactor: AccessControl trait with connect/disconnect hooks.
238,https://github.com/neondatabase/neon/issues/8407,neondatabase/neon,issue,Add a test for partial upload bug in corner case,no,,,,,,,,,,,Test-writing task for a partial upload S3-error corner case.
239,https://github.com/denoland/deno/issues/21653,denoland/deno,issue,the request.signal is not aborted when the request is cancelled,adjacent,,,,,,,,,,,"request.signal not aborted when the client cancels during the request phase; missing cancellation propagation, fixed later by #26761 (F102)."
240,https://github.com/grpc/grpc-rust/issues/377,grpc/grpc-rust,issue,Unable to detect client disconnection on server side streaming,no,,,,,,,,,,,Usage question on detecting client disconnect in server streaming.
241,https://github.com/vectordotdev/vector/issues/19190,vectordotdev/vector,issue,amqp sink silently drops messages,no,,,,,,,,,,,amqp sink drops messages after broker restart; connection error handling.
242,https://github.com/oxidecomputer/omicron/issues/7202,oxidecomputer/omicron,issue,`oximeter-collector` collection task select loop needs some cleanup,no,,,,,,,,,,,Cleanup of a select loop; no bug.
243,https://github.com/neondatabase/neon/pull/11052,neondatabase/neon,pr,buffered writer: add cancellation sensitivity,adjacent,,,,,,,,,,,Adds Timeline::cancel sensitivity to the buffered-writer flush loop and keeps the layer readable after cancellation; cooperative token cancellation design.
244,https://github.com/qdrant/qdrant/pull/10684,qdrant/qdrant,pr,test(consensus): prove leader removal can stall,no,,,,,,,,,,,Raft leader removal stall reproducer; consensus membership bug.
245,https://github.com/vectordotdev/vector/issues/24932,vectordotdev/vector,issue,"NATS JetStream source consumer becomes permanently stale after ""lame duck"" and ""event: closed"" reconnections",no,,,,,,,,,,,NATS JetStream consumer stale after reconnects.
246,https://github.com/n0-computer/iroh/pull/3052,n0-computer/iroh,pr,"refactor(iroh, iroh-relay): JoinSet disabling in tokio::select!",no,,,,,,,,,,,Refactor select disabling patterns; no behaviour change.
247,https://github.com/vectordotdev/vector/issues/25217,vectordotdev/vector,issue,HTTP2 sink deadlocks,no,,,,,,,,,,,"HTTP2 sink deadlock from a spinning remap and FuturesOrdered head-of-line blocking; liveness, not cancellation."
248,https://github.com/vectordotdev/vector/pull/10868,vectordotdev/vector,pr,fix(buffers): detect partially written data file + wait on writer/reader file lap,no,,,,,,,,,,,Disk buffer partial record / file lap handling; not cancellation.
249,https://github.com/tokio-rs/tokio/issues/5516,tokio-rs/tokio,issue,mpsc::channel closes unexpectedly after a few thousands messages exchanged,no,,,,,,,,,,,User error: consumer silently failed.
250,https://github.com/tokio-rs/tokio/issues/5340,tokio-rs/tokio,issue,Adding an optional `ignore_hanging_threads` flag to `#[tokio::main]`,adjacent,,,,,,,,,,,"Feature request (declined): let tokio::main not wait for blocking threads, motivated by a cancelled lookup_host whose spawn_blocking work keeps the runtime from exiting at shutdown. Blocking-thread lifecycle after cancellation; no product bug."
