item,url,repo,kind,title,relevant,holder,phase,after,violation,outlives,tags,cancel_source,layer,found_by,injectable,fix_url,notes
1,https://github.com/neondatabase/neon/pull/3247,neondatabase/neon,pr,Implement wss support in proxy,no,,,,,,,,,,,,这是为代理新增 WebSocket 支持的功能 PR；评论里的 cancel_map 指 PostgreSQL 查询取消键路由，未报告未完成 Future 被销毁导致的缺陷。
2,https://github.com/tokio-rs/tokio/issues/6979,tokio-rs/tokio,issue,Unwind triggered while reading from TcpStream.,no,,,,,,,,,,,,维护者明确解释没有 unwind/取消，观察到的是 Poll::Pending 后 runtime 正常休眠；服务端未按 HTTP 头和正文 framing 结束读取，与等待响应的浏览器互相等待。
3,https://github.com/denoland/deno/issues/21590,denoland/deno,issue,Deno.serve request.signal don't work,adjacent,,,,,,,,,,,https://github.com/denoland/deno/pull/23425,报告和维护者讨论确认客户端中止后 request.signal 通知缺失/过晚，处理器仍执行并返回 Response；这是 AbortSignal 传播与协作停止语义，不是服务端 Future 被销毁后的状态缺陷。
4,https://github.com/n0-computer/iroh/issues/3959,n0-computer/iroh,issue,"Unify APIs for `Endpoint::closed`, `Connection::closed` and `Connection::on_closed`",no,,,,,,,,,,,,讨论 closed/on_closed/Endpoint::closed 的生命周期和 API 一致性，维护者作为设计议题关闭；没有确立 Future 销毁触发的真实缺陷。
5,https://github.com/tokio-rs/tokio/pull/8294,tokio-rs/tokio,pr,chore: prepare Tokio v1.53.0,no,,,,,,,,,,,,版本发布汇总，列举包括 #8260 等多项独立改动和文档更新，不是一个可单独编码的缺陷报告；具体 #8260 已在本表作为独立主条目标注。
6,https://github.com/oxidecomputer/propolis/commit/04a275736e9f3316de6bf2a4077d03acfa4e2cdf,oxidecomputer/propolis,commit,[propolis-client] implement Sink for InstanceSerialConsoleHelper (#447),dup,,,,,,,,,,,https://github.com/oxidecomputer/omicron/issues/3356,提交明确写明它是 omicron#3356 修复的一部分，通过实现 Sink 供 cancel-safe-futures 组合器使用；该同一串口 select 丢消息问题已在正例表保留主条目。
7,https://github.com/tokio-rs/tokio/issues/556,tokio-rs/tokio,issue,Cargo doc warning in tokio-io,no,,,,,,,,,,,,cargo doc 的类型/函数链接歧义告警与文档链接格式修正；diff 出现 Timeout 取消说明只是上下文，没有运行时取消缺陷。
8,https://github.com/tokio-rs/tokio/pull/1495,tokio-rs/tokio,pr,fs: add support for non-threadpool executors,yes,blocking_thread,acquired_uncommitted,none,panic,yes,other,drop,library,review,yes,,审查指出调用者可能先销毁返回的 oneshot Receiver Future；审查原始 diff 中阻塞闭包仍执行 tx.send(f()).ok().unwrap()，已合并版本改为忽略发送失败，直接责任在取消后继续运行并发送结果的阻塞线程。
9,https://github.com/MaterializeInc/materialize/pull/18718,MaterializeInc/materialize,pr,compute: add token-controlled fuse in feedback edges,adjacent,,,,,,,,,,,,修复 divergent Timely 数据流不能停止，通过导出 token 被释放后阻断反馈边来协作退出；原文和测试谈的是 dataflow/token 生命周期，不是销毁 Rust Future。
10,https://github.com/libp2p/rust-libp2p/issues/332,libp2p/rust-libp2p,issue,UniqueConnec behaviour when calling `set_until` with an existing value,no,,,,,,,,,,,,维护者讨论已有连接时 set_until 应丢弃还是保留第二条连接的有效设计选择，当前实现保留 Future；没有确认取消已引发真实缺陷。
11,https://github.com/hyperium/hyper/issues/2723,hyperium/hyper,issue,Handler future gets cancelled early when body isn't read,yes,dropped_future,acquired_uncommitted,shutdown,loss,no,context,shutdown,app,failure,yes,,原文所链完整 gist 显示 handler 在 try_send 响应后立即结束 LocalSet::block_on 并销毁 LocalSet，尚等待 response_rx 的 http_driver/handler 任务随之取消，响应未发到连接；是应用没等待驱动任务完成，不是读不读 body 的库契约。
12,https://github.com/MaterializeInc/materialize/commit/c723c0bc2deb5e544d8ce43e4b431badc26d2d34,MaterializeInc/materialize,commit,compute: refactor SequentialHydration into a synchronous interceptor (#37094),no,,,,,,,,,,,,提交明确为保持行为的同步 interceptor 重构，移除此前为取消安全存在的 forwarder 和通道；没有新发现或修复取消缺陷，不重复计入旧 SequentialHydration 问题。
13,https://github.com/tokio-rs/tokio/commit/22e6aef6e776b00ce36f8c7e003f475d9bd18242,tokio-rs/tokio,commit,net: allow to set linger on `TcpSocket` (#4324),no,,,,,,,,,,,,新增 TcpSocket 的 SO_LINGER 配置能力，允许连接前选择关闭策略；原文描述取消 connect 后默认 TIME_WAIT 是内核正常 TCP 生命周期，不构成既有 API 的取消违约。
14,https://github.com/neondatabase/neon/pull/6000,neondatabase/neon,pr,concurrency-limit initial logical size calculation [v2],no,,,,,,,,,,,,主改动限制初始化 logical-size 的并发和缓存抖动；审查检查取消安全并另开 layer 初始化跟踪问题，但本 PR 不确立或修复一个独立的 Future 销毁缺陷。
15,https://github.com/oxidecomputer/propolis/issues/578,oxidecomputer/propolis,issue,Instance stuck waiting for NVMe pause future after controller reset,no,,,,,,,,,,,,讨论最后定位到实验分支背压与最大延迟交互，取消安全只是中途猜测；主分支压力测试的请求最终全部完成，暂停等待不是已证实的 Future 被销毁后遗失完成通知。
16,https://github.com/tokio-rs/axum/issues/3112,tokio-rs/axum,issue,Tasks have lost their wakers,adjacent,,,,,,,,,,,https://github.com/tokio-rs/axum/pull/3129,维护者确认并在 #3129 修复 serve 的永久 pending 关闭信号所衍生的等待任务泄漏；这里 Future 一直存活且永远不完成，而非未完成 Future 被销毁所致。
17,https://github.com/cloudflare/pingora/issues/935,cloudflare/pingora,issue,"H1 upstream: chunked terminator 0\r\n\r\n written twice when an H2 downstream ends the request body with an empty DATA frame (END_STREAM), poisoning upstream keep-alive connections",no,,,,,,,,,,,https://github.com/cloudflare/pingora/pull/936,真实 HTTP framing 缺陷来自空 DATA(END_STREAM) 正常完成时重复写 chunked 终止符；无需任何 Future 被提前销毁，cancel-safe 路径只是同样需要修正的另一写实现。
18,https://github.com/MaterializeInc/materialize/pull/15518,MaterializeInc/materialize,pr,persist: extract a new shard_source operator from persist_source,no,,,,,,,,,,,,拆分 persist_source/shard_source 的重构；审查明确指出 pinned stream 不参与 select、方法不会被取消，因此可简化 async_stream，没有取消导致的缺陷报告。
19,https://github.com/grpc/grpc-rust/issues/1450,grpc/grpc-rust,issue,Long-lived streaming connections don't shut down after disconnecting from Wi-Fi on Mac,unclear,,,,,,,,,,,,报告 macOS 网络断开后 graceful shutdown 延迟，评论仅给出协作式停止流的尝试并承认场景不同；没有确定 Future 被销毁的路径，也无根因确认，无法判定是真实取消缺陷。
20,https://github.com/risingwavelabs/risingwave/pull/779,risingwavelabs/risingwave,pr,fix(hummock): cancel timeout compact task,adjacent,,,,,,,,,,,,meta 按超时把远端 compaction 标记取消并重派，原 compactor 可能仍继续运行；这是分布式任务超时/协作取消设计（提案因不完整关闭），不是销毁本地 Rust Future 的缺陷。
21,https://github.com/qdrant/qdrant/pull/7871,qdrant/qdrant,pr,feat/shard ops timeout backup,no,,,,,,,,,,,,这是为分片更新增加等待超时参数和 WaitTimeout 状态的未合并功能 PR；正文及全部讨论未确认一个由销毁 Future 引发的既有缺陷，自动审查主要检查参数传播。
22,https://github.com/paritytech/polkadot-sdk/pull/8887,paritytech/polkadot-sdk,pr,`fatxpool`: added mortal transactions integration test ,no,,,,,,,,,,,,讨论 mortal 区块链交易及交易生命周期测试；这里的 future transaction 不是 Rust Future 的取消缺陷。
23,https://github.com/linkerd/linkerd2-proxy/pull/2279,linkerd/linkerd2-proxy,pr,stack: Make `failfast::Gate` general purpose,no,,,,,,,,,,,,Gate 通用化重构及 watch/Notify 实现讨论，没有取消销毁 Future 引起的缺陷或对应修复。
24,https://github.com/grpc/grpc-rust/pull/612,grpc/grpc-rust,pr,add h2::Error as a `source` for tonic::Status when converting from h2::Error,no,,,,,,,,,,,,新增 Status 的底层错误链以识别 h2 原因，讨论中修正的是超时错误的 downcast/状态映射；并非 Future 被销毁造成状态破坏。
25,https://github.com/oxidecomputer/dropshot/pull/617,oxidecomputer/dropshot,pr,Add support for a new StreamingBody extractor,no,,,,,,,,,,,,新增 StreamingBody 和流式请求体支持；取消安全仅为相关抽象的设计背景，未报告具体取消缺陷。
26,https://github.com/meilisearch/meilisearch/issues/3715,meilisearch/meilisearch,issue,Cancelling an indexing task does not always stop indexing quickly,adjacent,,,,,,,,,,,,维护者确认取消索引任务并不能及时停止某些阶段，原因是这些阶段没有检查协作式取消标志；任务仍在运行，不是 Future 被销毁。
27,https://github.com/tokio-rs/tokio/pull/8095,tokio-rs/tokio,pr,sync: reset Chan::rx_waker in chan::Rx's Drop impl,yes,runtime,n/a,none,leak,no,other,abort,library,failure,yes,,实际泄漏报告及已合并修复/回归测试表明：任务 abort 后 Receiver 被销毁，但仍存活的 Sender 所属通道保留接收端 waker，继续引用任务分配；责任在运行库的 waker 槽，清空它即可解除泄漏，已取消任务本身不继续工作。
28,https://github.com/neondatabase/neon/pull/7655,neondatabase/neon,pr,pageserver: improve API for invoking GC,no,,,,,,,,,,,,修复 GC API 在租户尚未 active 时过早失败，并清理冗余任务派生；检查 Timeline::cancel 属于保持原有协作取消语义，没有 Future 销毁导致的缺陷。
29,https://github.com/neondatabase/neon/commit/d98cb399787f76d61985b58648c56c050d82f206,neondatabase/neon,commit,pageserver: use tokio::time::timeout where possible (#4756),no,,,,,,,,,,,,把 select! 实现的超时等价改为 tokio::time::timeout，并修正文档；提交明确说明审查后这些 Future 都是取消安全的。
30,https://github.com/tokio-rs/tokio/pull/7899,tokio-rs/tokio,pr,Document possible `Mutex` deadlock in `block_in_place`,adjacent,,,,,,,,,,,,维护者明确将问题解释为 block_in_place 阻断同一任务内的并发轮询（futurelock）；持锁/等待的 Future 仍活着，没有被销毁。
31,https://github.com/databendlabs/databend/issues/15488,databendlabs/databend,issue,Retry meta request on cancelled,no,,,,,,,,,,,,报告的是元服务滚动升级期间 RPC 返回 Timeout expired 后是否重试；维护者指出已有重试并索要日志，未呈现销毁未完成 Future 导致的额外违约。
32,https://github.com/tokio-rs/tracing/issues/188,tokio-rs/tracing,issue,"Tracking ""current spans"" under tokio",no,,,,,,,,,,,,询问异步轮询间 tracing span 的线程局部语义；维护者解释 Instrument 每次 poll 进入/退出 span，没有取消缺陷。
33,https://github.com/risingwavelabs/risingwave/pull/26661,risingwavelabs/risingwave,pr,cherry-pick fix(stream): keep consuming on a no-op sink config update (#26484) to release-3.0,dup,,,,,,,,,,,https://github.com/risingwavelabs/risingwave/issues/26409,回移 #26412/#26484，正文明确针对 #26409 同一 no-op sink 配置更新取消消费器的缺陷；以正例表 #30 的原始 issue 为主条目。
34,https://github.com/redis-rs/redis-rs/issues/1570,redis-rs/redis-rs,issue,`query_async` fails to return at all even with a timeout,no,,,,,,,,,,,,作者最终确认外围整个 Future 被取消，故没有后续日志，并明确不是 redis 缺陷；没有说明这种预期停止执行之外的状态损坏或违约。
35,https://github.com/hyperium/hyper/pull/1584,hyperium/hyper,pr,Avoid socket thrash,yes,dropped_future,acquired_uncommitted,reuse,loss,no,context,select,library,failure,unknown,https://github.com/hyperium/hyper/pull/1585,codebook-gap: 维护者确认并以 #1585 的回归测试修复 checkout 获胜时销毁已启动 connect Future，丢掉其中尚未入池的连接进度并造成大量 TIME_WAIT；手册没有资源抖动/性能退化项，取最接近的 loss（进度损失），不是应用数据丢失，旧 futures 0.1 路径能否被当前 Dropwise 直接包裹尚不确定。
36,https://github.com/risingwavelabs/risingwave/issues/5605,risingwavelabs/risingwave,issue,Tracking: streaming hash join optimization,no,,,,,,,,,,,,流式 hash join 性能优化追踪，讨论预取、缓存一致性和并发取数；未报告取消 Future 后破坏状态的缺陷。
37,https://github.com/qdrant/qdrant/pull/8713,qdrant/qdrant,pr,tests: stop uploader cleanly before killing peer in WAL delta tests,no,,,,,,,,,,,,维护者说明测试同时 SIGKILL 上传进程和接收更新的节点，未完成复制本就不保证一致性；进程硬杀不运行 Future 析构，且单独客户端断开已有 spawn 保护。
38,https://github.com/risingwavelabs/risingwave/issues/691,risingwavelabs/risingwave,issue,Inactive source cause upstream (barriermanager) and downstream (merge) to panic.,adjacent,,,,,,,,,,,https://github.com/risingwavelabs/risingwave/pull/736,虽称 source actor cancellation，#736 的实际 diff 是源读取得到 Err 后正常返回、关闭通道，导致上下游错误处理 panic；不是未完成 Future 被销毁，#777 改为保留失败源等待恢复。
39,https://github.com/neondatabase/neon/pull/2785,neondatabase/neon,pr,storage_sync2,yes,shared_object,acquired_uncommitted,shutdown,invariant,no,wrapper;context,select,app,review,yes,https://github.com/neondatabase/neon/pull/2921,codebook-gap: 本条大型重构包含多种关闭问题，按其直接链接的 #2921 审查中被明确确认并改掉的 select! 取消上传路径编码，而非 attach 的协作停止竞态；取消时上传尚未结束且共享 unfinished gauge 已递增，销毁 Future 跳过递减使指标永久不归零，修正为仅在重试边界协作退出。
40,https://github.com/tokio-rs/tokio/issues/6430,tokio-rs/tokio,issue,Document cancelation safety `AsyncBufReadExt::fill_buf`,no,,,,,,,,,,,https://github.com/tokio-rs/tokio/pull/6431,只是补充 fill_buf 取消安全性文档；维护者明确该方法本来就是 cancellation safe。
41,https://github.com/quinn-rs/quinn/issues/1763,quinn-rs/quinn,issue,"Unclear which, if any `RecvStream::read_*` methods are cancel-safe",no,,,,,,,,,,,https://github.com/quinn-rs/quinn/pull/1764,询问并补充 RecvStream 各读取方法的取消安全性文档，没有具体误用、状态损坏报告或缺陷修复。
42,https://github.com/MaterializeInc/materialize/pull/36862,MaterializeInc/materialize,pr,sql: return NULL from pg_cancel_backend(NULL) instead of panicking,no,,,,,,,,,,,,pg_cancel_backend(NULL) 在 SQL 规划阶段错误解包 NULL 导致 panic，尚未发生任务取消；修复的是 SQL 空值语义。
43,https://github.com/tokio-rs/tokio/pull/4335,tokio-rs/tokio,pr,Add `JoinSet`,no,,,,,,,,,,,,新增 JoinSet API 并讨论 abort/shutdown 语义、链表所有权及开发中的引用环；没有作为候选呈现一个已有异步操作在取消后违约的独立案例。
44,https://github.com/influxdata/influxdb/issues/27385,influxdata/influxdb,issue,Add Native Query Timeout and Safe Termination for Long-Running Queries in influxDB v2,no,,,,,,,,,,,,请求为 InfluxDB v2 增加查询超时和服务端终止功能；没有 Rust Future 被销毁造成具体缺陷的确认或复现。
45,https://github.com/MaterializeInc/materialize/pull/23572,MaterializeInc/materialize,pr,storage: guard against `build_fallible` footgun,adjacent,,,,,,,,,,,,正文明确 capabilities 是在 Future 遇错返回时被销毁，错误前沿随之传播；这是完成为 Err 的退出路径，不是手册定义的未完成 Future 被取消。
46,https://github.com/MaterializeInc/materialize/pull/22487,MaterializeInc/materialize,pr,catalog: Add shadow catalog implementation,no,,,,,,,,,,,,新增 shadow catalog 并比较两个实现，讨论主要为测试性能和断言策略；取消仅出现在受影响测试名称中，没有取消缺陷。
47,https://github.com/oxidecomputer/dropshot/issues/695,oxidecomputer/dropshot,issue,Add server-side configuration to tokio::spawn endpoint futures,dup,,,,,,,,,,,https://github.com/oxidecomputer/omicron/pull/3140,该配置请求明确以 Omicron #3140 的客户端断开后共享状态不完整为真实案例，未给出另一个独立缺陷；同一缺陷以正例表 #37 的修复 PR 为主。
48,https://github.com/linkerd/linkerd2-proxy/commit/4ebadcaabf9ae06cb5c3de9cf5687ca281a6688b,linkerd/linkerd2-proxy,commit,docs(stack/gate): note `Tx::lost()` cancel safety (#4482),no,,,,,,,,,,,,仅为 Tx::lost 添加取消安全性说明：直接委托给本来取消安全的 watch::Sender::closed，没有行为修复。
49,https://github.com/tokio-rs/axum/issues/2610,tokio-rs/axum,issue,Non-cancellable handlers,no,,,,,,,,,,,,请求可选的非取消 handler 中间件，并讨论 SSE 清理 guard 的生命周期；属于 API/用法设计，没有具体取消违约的确认案例。
50,https://github.com/hyperium/hyper/pull/1860,hyperium/hyper,pr,docs(examples): Update web_api example to use async await,no,,,,,,,,,,,,async/await 示例迁移时出现借用生命周期编译错误，编译器已拒绝可能失效的引用；不是运行时取消缺陷。
51,https://github.com/MaterializeInc/materialize/commit/d7a59a3901663d3613a9fc94c08a39ce817f7d9d,MaterializeInc/materialize,commit,*: document `GenericClient::recv` impls as cancel safe,no,,,,,,,,,,,,提交只为 GenericClient::recv 各实现补充已有取消安全契约与说明；虽属于 #28816 的提交之一，本提交不含该实现修复，不能仅因同属 PR 就视为同一缺陷。
52,https://github.com/grpc/grpc-rust/issues/936,grpc/grpc-rust,issue,Better documentation on tonic::transport::Server::.timeout function,no,,,,,,,,,,,,询问 Server::timeout 的默认值、作用范围及优雅关闭语义；讨论解释预期行为并请求文档，没有 Future 销毁引发的具体缺陷。
53,https://github.com/hyperium/h2/pull/337,hyperium/h2,pr,Fix client connection deadlock [closes #326],adjacent,,,,,,,,,,,https://github.com/hyperium/h2/pull/338,原 issue #326 及真正修复 #338 确认的是正常释放客户端/RecvStream 句柄时，先唤醒再降低 Arc 计数导致关闭死锁；示例已读完响应，没有未完成 Future 的取消，#337 方案本身未合并。
54,https://github.com/quinn-rs/quinn/pull/2375,quinn-rs/quinn,pr,docs: add guarantees to the read and send_datagram function,no,,,,,,,,,,,,为单次 noop poll 模拟 try_send/try_recv 补充保证的文档提案；讨论 API 契约，不是已有取消缺陷。
55,https://github.com/vectordotdev/vector/pull/26299,vectordotdev/vector,pr,refactor(codecs): assemble final GELF chunk directly,adjacent,,,,,,,,,,,,维护者修复旧定时器与消息 ID 复用的竞态；diff 显示定时器可已越过 sleep.await 阻塞在同步 Mutex 上，即使请求 abort 仍会执行回调，此时任务尚未被销毁，不符合本手册的取消定义。
56,https://github.com/qdrant/qdrant/pull/2918,qdrant/qdrant,pr,Support cancellation in queue proxy to forward proxy method,no,,,,,,,,,,,,增加通过 CancellationToken 提前停止传输的功能；审查最终确认失败/取消会把 QueueProxyShard 所有权返还调用者且进入最终清理后不再取消，没有确认既有取消缺陷。
57,https://github.com/MaterializeInc/materialize/pull/16654,MaterializeInc/materialize,pr,[persist] Always perform routine maintenance,yes,dropped_future,acquired_uncommitted,none,loss,no,wrapper,drop,app,failure,yes,,作者由 storage_usage 测试失败定位、维护者确认：PR 中改成 async 的 maintenance Future 仍被 let _ = 立即销毁，维护责任随 self 丢失而根本未启动；已合并版本改为 spawn 驱动完成，取消时 Future 已捕获维护请求但尚未执行。
58,https://github.com/vectordotdev/vector/pull/23097,vectordotdev/vector,pr,"fix(datadog_agent source): Silence the ""Source send cancelled."" error",no,,,,,,,,,,,,未合并的日志/指标静音改动；维护者说明客户端断开超时后 Datadog Agent 会重发，讨论认为该告警反映背压，不是已确认的数据丢失或取消安全缺陷。
59,https://github.com/neondatabase/neon/pull/4893,neondatabase/neon,pr,pageserver: expose prometheus metrics for startup time,no,,,,,,,,,,,,新增启动时长指标；审查虽提到不保证取消安全，但明确认为取消即重启、没有必须保留这些启动指标的场景，未确立实际违约。
60,https://github.com/oxidecomputer/omicron/pull/3795,oxidecomputer/omicron,pr,[update-engine] use cancel_safe_futures::coop_cancel,no,,,,,,,,,,,,diff 仅把更新引擎自建的协作取消通道替换为 coop_cancel 并调整 API，没有描述或修复一个 Future 销毁导致的缺陷。
