item,url,repo,kind,title,holder,phase,after,violation,violation_extra,outlives,cancel_source,layer,found_by,notes
1,https://github.com/cloudflare/pingora/issues/934,cloudflare/pingora,issue,H2 response-header timeout can drop the only ResponseFuture and make the session panic on retry,dropped_future,in_progress,retry,panic,invariant,no,timeout,library,review,read_response_header takes resp_fut out of the session (Option::take) and awaits it under read_timeout; the timeout drops the only ResponseFuture and a retry panics. Taken value -> dropped_future; request in flight -> in_progress. Fixed in 6dcc236.
2,https://github.com/qdrant/qdrant/issues/9670,qdrant/qdrant,issue,"`try_join_all` can drop a shard worker-restart future after workers are stopped, leaving the local shard update handler stopped",dropped_future,in_progress,others,liveness,loss,no,select,app,review,try_join_all (fail-fast join -> select) drops a sibling after wait_workers_stops() took the update receiver but before run_workers(); the shard's update pipeline stays stopped for later updates. Taken receiver -> dropped_future. Fixed by #9671.
3,https://github.com/tokio-rs/tokio/issues/1842,tokio-rs/tokio,issue,LocalSet drop impl panics when dropped with unfinished futures,runtime,n/a,teardown,panic,,no,shutdown,library,failure,Dropping a LocalSet holding unfinished futures panicked ('tasks should only be completed locally'); scheduler-internal. Fixed by #1843.
4,https://github.com/n0-computer/iroh/pull/2572,n0-computer/iroh,pr,fix(iroh-gossip): connection loop misuses `tokio::select!` leading to read errors,dropped_future,in_progress,retry,corruption,,no,select,library,failure,"select! over read_message aborted mid-message; the next iteration read body bytes as a length, dropping connections. The read position lives in the dropped future. Merged fix."
5,https://github.com/risingwavelabs/risingwave/issues/26409,risingwavelabs/risingwave,issue,No-op ALTER SINK can restart KV log reader without rewind and panic,shared_object,in_progress,reuse,panic,invariant,no,select,app,failure,A no-op UpdateConfig select! branch cancels consume_log_and_sink; the outliving KV log reader is left mid-read (not Reset) and the next sinker's start_from panics. User-observed; fixed by #26412/#26484.
6,https://github.com/MaterializeInc/materialize/pull/12714,MaterializeInc/materialize,pr,make simple source cancel safe,dropped_future,not_started,retry,liveness,,no,select,app,review,"tick() (sleep, then lock and send) is recreated every select! iteration; a busy source keeps resetting the sleep before anything is taken, so progress stalls (confirmed by the #10971 discussion). Merged fix #12714."
7,https://github.com/qdrant/qdrant/issues/9665,qdrant/qdrant,issue,Queue-proxifying a local shard can drop the shard if the transfer future is cancelled after `local.take()`,dropped_future,in_progress,others,loss,invariant,no,select,app,review,"local.take() then awaiting queue-proxy construction; cancel_on_token (select!) drops the future owning the LocalShard, leaving replica_set.local=None. Taken value -> dropped_future. Whitebox test; maintainers labelled it accepted."
8,https://github.com/MaterializeInc/materialize/pull/38577,MaterializeInc/materialize,pr,persist: make Pending cancel safe,dropped_future,in_progress,reuse,panic,invariant,yes,owner_dropped,app,review,"block_until_ready mem::replaces the state with a placeholder and awaits the taken JoinHandle; if dropped there, later into_result panics. The taken handle -> dropped_future; the spawned write continues. Merged with a test."
9,https://github.com/risingwavelabs/risingwave/pull/12725,risingwavelabs/risingwave,pr,fix(log-store): ensure cancellation safety for log reader next_item call,dropped_future,in_progress,retry,loss,,no,select,app,review,"next_item() pops a flushed item from the buffer, then reads its chunk; losing the select! against the delivery future drops the popped item. Merged fix #12725."
10,https://github.com/databendlabs/databend/pull/17902,databendlabs/databend,pr,fix(storage): Move timeout layer before to ensure cancel safety,other_task,in_progress,retry,invariant,,yes,timeout,app,review,"The timeout layer sat outside RuntimeLayer, so a timeout dropped only the waiter while the op kept running on the IO-runtime task and the retry re-entered it (mechanism inferred from the diff; low confidence). Merged #17902."
11,https://github.com/qdrant/qdrant/pull/8680,qdrant/qdrant,pr,Break from deferred points wait when caller times out,other_task,in_progress,others,liveness,collateral_failure,yes,timeout,app,review,"A client timeout drops the feedback oneshot receiver; the sequential update worker keeps waiting for deferred points, blocking later updates on the shard. Merged #8680."
12,https://github.com/neondatabase/neon/issues/3478,neondatabase/neon,issue,pageserver management API doesn't poll request handlers to completion if client hangs up [P:1] [S:1],shared_object,in_progress,retry,invariant,,no,owner_dropped,app,failure,A client hang-up drops the detach handler after the tenant moved to Stopping in place; the tenant stays Stopping and later detaches fail. Prod issues cited; fixed by #4314.
13,https://github.com/neondatabase/neon/issues/6028,neondatabase/neon,issue,layer: evict downloaded-but-not-initialized,dropped_future,effect_unrecorded,others,invariant,leak,yes,owner_dropped,app,review,get_or_maybe_download dropped after the layer file was downloaded but before LayerInner was initialized: effect on disk unrecorded -> effect_unrecorded; the initialization duty lived in the dropped future. Fixed by #7030.
14,https://github.com/hyperium/hyper/issues/4040,hyperium/hyper,issue,Dropping HTTP/2 response future doesn't cancel request body send and does not send RST_STREAM,other_task,in_progress,others,leak,collateral_failure,yes,timeout,library,review,"Dropping the h2 response future (timeout) leaves the spawned pipe_task holding SendStream; no RST_STREAM, flow-control window held against other streams. Runnable test; fixed by #4042."
15,https://github.com/tokio-rs/tokio/pull/1495,tokio-rs/tokio,pr,fs: add support for non-threadpool executors,blocking_thread,in_progress,nothing,panic,,yes,owner_dropped,library,review,"codebook-gap: a defect caught in review inside the PR that introduced the code (never released). The new blocking pool did tx.send(f()).unwrap(), which panics if the awaiting future was dropped before the blocking work finished; fixed within #1495 by ignoring the send error."
16,https://github.com/tokio-rs/tokio/issues/6877,tokio-rs/tokio,issue,`tokio::io::simplex` read/write data not equality,dropped_future,effect_unrecorded,retry,corruption,duplication,no,select,app,failure,"The user's select! cancels write_all after part of PATTERN was written (effect delivered, progress unrecorded); the retried write_all starts over, so the stream is misaligned. Maintainer diagnosis."
17,https://github.com/qdrant/qdrant/pull/10338,qdrant/qdrant,pr,Keep consensus operation awaiters alive for concurrent waiters,shared_object,in_progress,others,collateral_failure,leak,yes,timeout,app,review,"After a waiter's timeout, cleanup removed the shared broadcast entry, failing other waiters of the still-in-flight consensus op; timed-out batch awaiters leaked. 4 regression tests, merged #10338."
18,https://github.com/neondatabase/neon/pull/7117,neondatabase/neon,pr,proxy http cancellation safety,kernel_or_remote,in_progress,retry,effect_after_close,collateral_failure,yes,owner_dropped,app,review,hyper drops the handler on client disconnect while the SQL query keeps running in Postgres; a retry then hits a duplicate key. Merged with a regression test (#7117).
19,https://github.com/hyperium/hyper/pull/1584,hyperium/hyper,pr,Avoid socket thrash,dropped_future,in_progress,nothing,leak,collateral_failure,no,select,library,failure,"When pool checkout wins the select, the in-progress connect future is dropped and its half-established socket goes into TIME_WAIT (socket thrash under load). Fixed by #1585."
20,https://github.com/oxidecomputer/omicron/pull/3140,oxidecomputer/omicron,pr,Spawn a task to run services_ensure,shared_object,in_progress,retry,invariant,,no,owner_dropped,app,failure,"A client timeout drops services_ensure mid-way; zones stay partially configured and absent from existing_zones (state behind a mutex), so the next PUT fails. Observed #3098; merged #3140."
21,https://github.com/tokio-rs/tokio/issues/3711,tokio-rs/tokio,issue,file descriptor leak,blocking_thread,in_progress,retry,leak,collateral_failure,yes,timeout,app,failure,"timeout drops a tokio::fs read whose blocking read on a device never returns; File's drop waits, so the fd is never closed and fds exhaust. Maintainer confirmed."
22,https://github.com/denoland/deno/issues/35601,denoland/deno,issue,stdin: first line intermittently lost from Deno.stdin.readable on Unix (orphaned cancelled blocking read),blocking_thread,in_progress,retry,loss,,yes,other,library,failure,"Deno's op CancelHandle drops the stdin read future, but the spawn_blocking read(0) remains in flight and later eats the next line. Member-filed with a proof program."
23,https://github.com/cloudflare/pingora/issues/931,cloudflare/pingora,issue,RTCache lookup cancellation can leave same-key requests blocked on a stale coalescing lock,shared_object,in_progress,others,liveness,leak;collateral_failure,no,owner_dropped,library,review,"RTCache::get publishes a zero-permit lock in the shared lockers map, then awaits lookup; a drop skips cleanup and same-key readers wait forever. Labelled bug; whitebox test."
24,https://github.com/MaterializeInc/materialize/pull/29221,MaterializeInc/materialize,pr,cluster: avoid accidentally dropping TimelyContainer,dropped_future,in_progress,nothing,liveness,collateral_failure,no,owner_dropped,app,failure,"ClusterClient takes TimelyContainer out of the shared Arc and awaits; a gRPC disconnect drops it, and its Drop blocks a tokio thread forever. Incident; merged #29221."
25,https://github.com/qdrant/qdrant/pull/7787,qdrant/qdrant,pr,Add test for broken WAL delta after stream records abort,shared_object,recorded_ahead,retry,loss,invariant,no,abort,app,review,"During a stream-records transfer the receiver's last-seen clocks already record updates; aborting the transfer leaves clocks ahead of the data, so the WAL-delta retry skips it. Merged test + fix #7791."
26,https://github.com/tokio-rs/tokio/pull/8260,tokio-rs/tokio,pr,sync: wake mpsc receiver when a queued `reserve[_many]` returns permits,runtime,n/a,others,liveness,,no,owner_dropped,library,review,"A dropped reserve_many returns partially acquired permits without waking the closed channel's receiver, so recv() hangs. Merged #8260 with tests."
27,https://github.com/redis-rs/redis-rs/issues/851,redis-rs/redis-rs,issue,Strange issue with tokio::select and MultiplexedConnection,kernel_or_remote,in_progress,reuse,liveness,collateral_failure,yes,select,app,failure,select! drops xread_options(BLOCK 0) after the request was sent; the server keeps blocking the multiplexed connection and later commands stall. Explained by collaborators with the reporter's repro.
28,https://github.com/databendlabs/databend/issues/20020,databendlabs/databend,issue,bug: AsyncSinker can mark finish complete before awaited on_finish work completes,shared_object,recorded_ahead,teardown,loss,,no,owner_dropped,app,review,called_on_finish is set before on_finish().await; dropping mid-finish makes the sinker's Drop fallback skip on_finish. Flag recorded ahead -> recorded_ahead. Fixed by #20021.
29,https://github.com/tokio-rs/tokio/issues/542,tokio-rs/tokio,issue,Leakage of futures with pending notification on runtime drop,runtime,n/a,teardown,leak,liveness,no,shutdown,library,failure,"On runtime drop a task with a pending notification was leaked without running Drop, deadlocking tokio-signal. Maintainer-confirmed PoC; threadpool fix #649."
30,https://github.com/risingwavelabs/risingwave/issues/26220,risingwavelabs/risingwave,issue,"Meta: hummock timer task panics during shutdown when a child loop is cancelled, tripping CI's `panicked at` check",other_task,n/a,teardown,panic,,no,shutdown,app,failure,shutdown_background() aborts detached child loops; the supervisor's unbiased select! sees JoinError::Cancelled and panics. CI flake; fixed by #26221.
31,https://github.com/quinn-rs/quinn/pull/1458,quinn-rs/quinn,pr,connection: wake 'stopped' streams on stream finish events,runtime,n/a,reuse,leak,,no,owner_dropped,library,failure,A dropped Stopped future left its waker in the connection's stopped map until the connection closed (memory growth). Merged quinn#1458.
32,https://github.com/tokio-rs/tokio/issues/7979,tokio-rs/tokio,issue,Cancelled io-uring open futures leak fds,kernel_or_remote,in_progress,nothing,leak,,yes,owner_dropped,library,review,A dropped io-uring open marks the op Cancelled; the open completes later in the kernel and its fd is discarded unclosed. PoC; fixed.
33,https://github.com/tokio-rs/tokio/issues/5285,tokio-rs/tokio,issue,`tokio::sync::Mutex` appears to be acquired multiple times without being released,dropped_future,in_progress,retry,corruption,panic,no,select,app,failure,select! cancels read() mid read_exact; bytes consumed into the dropped buffer desync framing and the server panics. Maintainer diagnosis of the user's code.
34,https://github.com/neondatabase/neon/pull/12345,neondatabase/neon,pr,[proxy]: BatchQueue::call is not cancel safe - make it directly cancellation aware,dropped_future,in_progress,others,collateral_failure,loss,no,owner_dropped,app,failure,The batch leader removed followers' jobs from the queue (taken -> dropped_future) and is cancelled before sending responses; followers fail. Merged #12345.
35,https://github.com/qdrant/qdrant/issues/9745,qdrant/qdrant,issue,"Internal `grpc-timeout` can cancel receiver shard initialization after `local.take()`, leaving the target replica without a local shard slot",dropped_future,in_progress,others,loss,invariant,no,timeout,app,review,"init_empty_local_shard does local.take() then awaits; tonic grpc-timeout drops it, leaving the slot None. Taken value -> dropped_future. Labelled accepted; regression-test PR."
36,https://github.com/MaterializeInc/materialize/pull/28956,MaterializeInc/materialize,pr,storage-controller: retains futures during recv,dropped_future,not_started,retry,liveness,,no,owner_dropped,app,review,recv rebuilt select_all over replica recv() each poll and dropped it at the end of the poll before anything was taken; a recv that yields first never completes. Merged hotfix #28956.
37,https://github.com/risingwavelabs/risingwave/pull/6985,risingwavelabs/risingwave,pr,fix(storage): fix panics caused by merge iter future cancellation,dropped_future,in_progress,nothing,panic,,no,owner_dropped,app,failure,Dropping merge-iterator next() drops a live PeekMut whose Drop re-sifts the heap over an inconsistent iterator -> panic. Merged #6985 for #6972.
38,https://github.com/databendlabs/databend/issues/20015,databendlabs/databend,issue,bug: HTTP pagination retry can lose a spilled result page if request is cancelled during restore,dropped_future,in_progress,retry,loss,,no,owner_dropped,app,review,"try_take_page pops a spilled page then awaits restore; a dropped request loses the popped page (taken -> dropped_future), so the page retry fails. Fixed by #20016."
39,https://github.com/cloudflare/pingora/issues/932,cloudflare/pingora,issue,Streaming partial cache reads can treat a cancelled cache writer as clean EOF,dropped_future,in_progress,others,corruption,collateral_failure,no,owner_dropped,library,review,A cancelled miss-handler writer drops before finish(); an attached partial reader sees clean EOF and serves a truncated body to another request. Labelled bug; whitebox test.
40,https://github.com/paritytech/polkadot-sdk/pull/11013,paritytech/polkadot-sdk,pr,network/sync: Fix justification response lost on peer disconnect,dropped_future,in_progress,retry,loss,,yes,owner_dropped,library,review,"On sync-peer disconnect, pending_responses.remove_all drops the in-flight justification response future; the response from the peer is lost. #5414 by a maintainer; PR with a regression test."
41,https://github.com/vectordotdev/vector/pull/24670,vectordotdev/vector,pr,fix(aws_s3 source): complete in-flight SQS message processing before shutdown,dropped_future,effect_unrecorded,teardown,duplication,,no,select,app,failure,"The shutdown branch of select! drops run_once after events reached sinks but before the SQS delete (effect delivered, unrecorded), so messages are redelivered. Duplicates reported; PR with tests."
42,https://github.com/meilisearch/meilisearch/issues/6513,meilisearch/meilisearch,issue,Cancelling a hashless asset download can persist and reuse an incomplete cache entry,shared_object,effect_unrecorded,retry,invariant,,no,abort,app,review,Ctrl-C aborts the download mid-write; the truncated file already at the canonical cache path is an unrecorded effect and a later run accepts it. Whitebox reproducer.
43,https://github.com/MaterializeInc/materialize/pull/28816,MaterializeInc/materialize,pr,compute: make `SequentialHydration::recv` cancel safe,dropped_future,in_progress,reuse,loss,,no,select,app,review,SequentialHydration::recv may call a non-cancel-safe send while scheduling dataflows; cancelling recv drops a half-sent command. Merged #28816.
44,https://github.com/tokio-rs/tokio/issues/3929,tokio-rs/tokio,issue,Task dropped in wrong thread when aborting LocalSet task,runtime,n/a,nothing,memory_safety,,no,abort,library,review,abort on an idle LocalSet task drops the future on the aborting thread (a !Send value dropped cross-thread). RUSTSEC-2021-0072; fixed #3934.
45,https://github.com/risingwavelabs/risingwave/issues/26176,risingwavelabs/risingwave,issue,StarRocks sink can lose transaction rollback ownership if checkpoint commit is cancelled during prepare or commit,dropped_future,in_progress,teardown,leak,duplication,yes,select,app,review,"barrier(true) takes curr_txn_label, then awaits prepare/commit at StarRocks; a drop loses the only label so Drop/abort cannot roll back. Taken label -> dropped_future. Whitebox test only (low confidence)."
46,https://github.com/risingwavelabs/risingwave/pull/22128,risingwavelabs/risingwave,pr,fix(mysql-cdc): use connection pool to avoid data loss caused by unsafe cancellation,shared_object,in_progress,reuse,corruption,loss,yes,timeout,app,failure,"Dropping mysql_async exec_drop mid-query leaves the connection mid-protocol; later reads return empty, so backfill ends early (data loss). Timeout repro; merged #22128."
47,https://github.com/tokio-rs/tokio/issues/2685,tokio-rs/tokio,issue,tokio::process::Command leaves zombies when child future is dropped,kernel_or_remote,in_progress,nothing,leak,,yes,owner_dropped,library,failure,Dropping a Child future with kill_on_drop kills the process but never waits for it; the exit completes in the kernel afterwards and leaves a zombie. Maintainer-confirmed; #2907.
48,https://github.com/MaterializeInc/materialize/pull/26190,MaterializeInc/materialize,pr,storage: abort sink task when dataflow is dropped,blocking_thread,in_progress,retry,leak,collateral_failure,yes,owner_dropped,app,failure,Dropping a sink dataflow does not stop the spawn_blocking Kafka scan; restarts pile up scans until OOM. Incident #56; merged #26190.
49,https://github.com/qdrant/qdrant/issues/9532,qdrant/qdrant,issue,Shard snapshot transfer cancellation can leave source-side transfer snapshots behind,dropped_future,effect_unrecorded,nothing,leak,,no,select,app,review,The shard snapshot is persisted before its TempPath cleanup guard exists (codebook example); a cancel_on_token drop leaves it on disk. Accepted by a maintainer; whitebox test.
50,https://github.com/tokio-rs/tokio/issues/6493,tokio-rs/tokio,issue,Tokio select! Macro Issue with Barrier,shared_object,in_progress,retry,invariant,,no,select,library,failure,Dropping Barrier::wait in select! after its arrival was counted in place; the next wait double-counts. Maintainer confirmed; documented #6494.
51,https://github.com/MaterializeInc/materialize/pull/12485,MaterializeInc/materialize,pr,Avoid sending new messages before connection finishes,shared_object,in_progress,reuse,invariant,panic,no,select,app,failure,"A reconnect cancelled partway leaves the client partially connected; send() delivers old-cluster commands to the new cluster, crashing it. Merged #12485."
52,https://github.com/tokio-rs/tokio/issues/5535,tokio-rs/tokio,issue,The first terminal event is ignored after using `stdin`,blocking_thread,in_progress,retry,loss,,yes,timeout,app,failure,timeout drops a tokio stdin read; the blocking read stays in flight and consumes the next keypress. Maintainer confirmed.
53,https://github.com/tokio-rs/tokio/pull/3672,tokio-rs/tokio,pr,Prevent basic_scheduler from panicking if a task is aborted from another thread,runtime,n/a,nothing,panic,,no,abort,library,failure,JoinHandle::abort from another thread panicked the basic scheduler ('scheduler context missing'). Merged #3672.
54,https://github.com/risingwavelabs/risingwave/issues/26172,risingwavelabs/risingwave,issue,S3 streaming multipart uploads can be leaked when a cancelled uploader is dropped after multipart upload starts,dropped_future,effect_unrecorded,teardown,leak,,yes,abort,app,review,The multipart upload is created on S3 (codebook example) but only the dropped uploader knows its upload_id; the abort never happens. Whitebox test only.
55,https://github.com/redis-rs/redis-rs/issues/325,redis-rs/redis-rs,issue,Corrupt connections,shared_object,effect_unrecorded,reuse,mismatch,,yes,timeout,library,failure,"A timeout drops query_async after the request was written (effect delivered, reply not recorded as pending); the next command on the reused connection reads the stale reply. Runnable repro; collaborator confirmed."
56,https://github.com/oxidecomputer/omicron/pull/3579,oxidecomputer/omicron,pr,[wicketd] make installinator_progress cancel safe,shared_object,recorded_ahead,retry,loss,invariant,no,owner_dropped,app,review,report_progress advanced RunningUpdate (possibly to Closed) before sending the report; cancelling there loses the report while state says handled. Found in review; merged #3579.
57,https://github.com/denoland/deno/pull/20316,denoland/deno,pr,fix(ext/http): don't panic on stream responses in cancelled requests,shared_object,in_progress,nothing,panic,,no,owner_dropped,library,failure,"A force-closed TCP connection makes hyper drop the request future, which drops the body resource while the OpState lock is held -> panic. Merged #20316."
58,https://github.com/n0-computer/iroh/pull/2536,n0-computer/iroh,pr,fix(iroh): get rid of flume channels,runtime,n/a,reuse,liveness,,no,select,library,review,"Cancelling a flume recv_async in select! loses the wakeup notification, stalling actors whose only source is the channel. External reproducer; iroh replaced flume."
59,https://github.com/hyperium/hyper/issues/3995,hyperium/hyper,issue,Hyper returns a partial byte array when its runtime is closed mid-read,dropped_future,in_progress,others,corruption,,no,shutdown,library,failure,Dropping the runtime drives the HTTP/1 dispatcher's drop mid-body; the body Sender drops cleanly and the reader in another runtime gets a truncated body as Ok. Repro; fixed #4069.
60,https://github.com/neondatabase/neon/pull/7235,neondatabase/neon,pr,fix(walreceiver): Timeline::shutdown can leave a dangling handle_walreceiver_connection tokio task,other_task,in_progress,teardown,leak,effect_after_close,yes,select,app,review,"During shutdown, select! drops connection_manager_loop_step inside drop_old_connection, leaving a walreceiver task running after Timeline shutdown. Merged #7235."
61,https://github.com/risingwavelabs/risingwave/issues/26180,risingwavelabs/risingwave,issue,ClickHouse sink checkpoint cancellation can drop insert finalization ownership before log truncation,dropped_future,in_progress,retry,duplication,,yes,select,app,review,"barrier(true) takes the ClickHouse inserter and awaits end(); the rebuild branch wins and drops the finalizer before log truncation, so replay may duplicate. Whitebox test only (low confidence)."
62,https://github.com/qdrant/qdrant/pull/3367,qdrant/qdrant,pr,Make update API cancel safe,dropped_future,in_progress,others,invariant,,yes,owner_dropped,app,review,A client disconnect drops the update future mid fan-out to shards; some replicas apply and others do not (inconsistency). Merged #3367.
63,https://github.com/oxidecomputer/omicron/pull/10204,oxidecomputer/omicron,pr,Cooperative shutdown in support bundles,blocking_thread,in_progress,teardown,effect_after_close,collateral_failure,yes,select,app,failure,"Cancelling the collection future while tokio::fs writes are in flight lets writes land after the temp dir is dropped, failing cleanup. CI flake #10063; merged #10204."
64,https://github.com/tokio-rs/tokio/pull/2340,tokio-rs/tokio,pr,sync: fix possible dangling pointer in semaphore,runtime,n/a,nothing,memory_safety,,no,owner_dropped,library,review,A dropped semaphore acquire future whose waiter was already split into the notify list dangles; the added test segfaults. Merged #2340.
65,https://github.com/hyperium/h2/issues/546,hyperium/h2,issue,Deadlock with tokio 1.7.0,runtime,n/a,teardown,liveness,,no,shutdown,library,failure,Runtime shutdown drops a task from inside a waker call while h2 holds its mutex; the Drop re-locks -> deadlock. Reproduced; fixed in tokio#3870.
66,https://github.com/cloudflare/pingora/issues/933,cloudflare/pingora,issue,Subrequest response finish can lose the terminal Done task if cancelled under channel backpressure,shared_object,recorded_ahead,retry,loss,,no,owner_dropped,library,review,finish() sets BodyMode::Complete before sending Done; a cancel under backpressure drops Done and the retry is a no-op. Whitebox test.
67,https://github.com/risingwavelabs/risingwave/issues/3909,risingwavelabs/risingwave,issue,lru: future cancellation or not polled will lead to deadlock,shared_object,in_progress,others,liveness,collateral_failure,no,owner_dropped,app,review,The first lookup_dedup caller owns the in-flight fetch that others wait on; dropping it leaves waiters stuck. Merged #3911 with a drop scenario.
68,https://github.com/meilisearch/meilisearch/issues/6508,meilisearch/meilisearch,issue,Cancelled search requests remain in SearchQueue and can cause spurious TooManySearchRequests,other_task,in_progress,others,collateral_failure,leak,yes,owner_dropped,app,review,"A cancelled search drops its receiver after its Sender went to the scheduler task, which keeps the stale entry and rejects live requests. Labelled bug; whitebox test."
69,https://github.com/tokio-rs/tokio/pull/8095,tokio-rs/tokio,pr,sync: reset Chan::rx_waker in chan::Rx's Drop impl,runtime,n/a,nothing,leak,,no,abort,library,failure,"An aborted task's Receiver drops, but Chan::rx_waker keeps its waker, pinning the task allocation. Merged #8095 with a test."
70,https://github.com/tokio-rs/tokio/pull/3965,tokio-rs/tokio,pr,Fix case where cancelled future would be leaked and add a regression …,runtime,n/a,nothing,leak,,no,abort,library,failure,abort() followed by an immediate handle drop did not drop the cancelled future promptly. Merged #3965 for #3964.
71,https://github.com/oxidecomputer/omicron/issues/3356,oxidecomputer/omicron,issue,proxy_instance_serial_ws() uses `select!` with non-cancel-safe future(s),dropped_future,in_progress,retry,loss,,no,select,app,review,"select! drops SinkExt::send holding an item, or recv() after it pulled a message, losing serial-console data. Maintainer confirmed; fixed in #3411/propolis#435."
72,https://github.com/databendlabs/databend/issues/20044,databendlabs/databend,issue,bug: Stage Lance COPY can leave target data files without a manifest after query cancellation,dropped_future,effect_unrecorded,teardown,invariant,leak,no,select,app,review,"Lance data files are written to the target before fragments/manifest are recorded; the finish-notify select drops the processor, leaving visible files without a manifest. Fixed #20050."
73,https://github.com/oxidecomputer/propolis/issues/650,oxidecomputer/propolis,issue,server serial task's send-to-listeners future is not cancel-safe,dropped_future,effect_unrecorded,retry,duplication,loss,no,select,app,failure,The send-to-listeners future may already have delivered to some listeners (unrecorded) when another branch wins; the next iteration resends. Observed by an Oxide engineer.
74,https://github.com/tokio-rs/tokio/issues/2318,tokio-rs/tokio,issue,select! with I/O read branch blocks program from exit,blocking_thread,in_progress,teardown,liveness,,yes,select,app,failure,"select! drops a stdin read, but its blocking read stays in flight and runtime shutdown waits for it, so the program cannot exit. Maintainer confirmed."
75,https://github.com/neondatabase/neon/pull/6101,neondatabase/neon,pr,make `read_exact_at` cancel-safe,kernel_or_remote,in_progress,nothing,panic,memory_safety,yes,owner_dropped,app,review,Dropping read_exact_at during an in-flight io_uring read would free the fd under the kernel; an interim scopeguard aborted the process. Merged #6101.
76,https://github.com/neondatabase/neon/issues/10023,neondatabase/neon,issue,page_service: `throttle()` is not actually cancel-safe (low impact),shared_object,in_progress,reuse,invariant,,no,owner_dropped,app,review,Dropping throttle() between its accounting points leaves started/finished counters unbalanced (in-place state). Maintainer statement.
77,https://github.com/MaterializeInc/materialize/pull/12479,MaterializeInc/materialize,pr,Split `Controller::recv` into `ready` and `process`,dropped_future,in_progress,retry,loss,,no,select,app,failure,"Controller::recv in the coordinator select! did cancel-unsafe processing after receiving, so a dropped recv could lose the response. Merged #12479 (consequence inferred)."
78,https://github.com/risingwavelabs/risingwave/issues/26179,risingwavelabs/risingwave,issue,Async-truncate sinks can lose delivery futures when cancellation happens during capacity backpressure,dropped_future,effect_unrecorded,retry,duplication,,yes,select,app,review,Kafka accepted the record (effect) but its delivery future was not yet registered when the rebuild branch won; replay resends. Whitebox test only (low confidence).
79,https://github.com/hyperium/hyper/issues/3199,hyperium/hyper,issue,HTTP2 requests waiting an outstanding connecting task should not be canceled when the connecting task is canceled,dropped_future,in_progress,others,collateral_failure,,no,owner_dropped,library,review,The shared connecting task is driven by the first request's ResponseFuture; dropping it cancels the connect and other waiters fail with Canceled. Maintainer agreed; test in the issue.
80,https://github.com/qdrant/qdrant/pull/7530,qdrant/qdrant,pr,Abort pending blocking search tasks when we drop/invalidate the search,blocking_thread,in_progress,nothing,leak,collateral_failure,yes,timeout,app,failure,"Dropping timed-out searches dropped only JoinHandles; queued spawn_blocking searches still ran, holding segments for over an hour. Merged #7530."
